id,sample_date,location,min_temp,max_temp,avg_temp
2119,2020-01-01,"Winnipeg, MB",-12.3,-3.5,-7.9
2120,2020-01-02,"Winnipeg, MB",-8.2,-6.0,-7.1
2121,2020-01-03,"Winnipeg, MB",-6.8,-1.0,-3.9
2122,2020-01-04,"Winnipeg, MB",-5.2,-3.4,-4.3
2123,2020-01-05,"Winnipeg, MB",-13.4,-1.6,-7.5
2124,2020-01-06,"Winnipeg, MB",-14.9,-0.1,-7.5
2125,2020-01-07,"Winnipeg, MB",-23.9,-8.9,-16.4
2126,2020-01-08,"Winnipeg, MB",-26.0,-15.0,-20.5
2127,2020-01-09,"Winnipeg, MB",-19.4,-11.1,-15.3
2128,2020-01-10,"Winnipeg, MB",-26.6,-15.6,-21.1
2129,2020-01-11,"Winnipeg, MB",-27.9,-15.9,-21.9
2130,2020-01-12,"Winnipeg, MB",-16.4,-9.2,-12.8
2131,2020-01-13,"Winnipeg, MB",-9.4,-5.9,-7.6
2132,2020-01-14,"Winnipeg, MB",-23.9,-8.9,-16.4
2133,2020-01-15,"Winnipeg, MB",-29.2,-21.3,-25.2
2134,2020-01-16,"Winnipeg, MB",-34.0,-21.8,-27.9
2135,2020-01-17,"Winnipeg, MB",-22.3,-5.8,-14.1
2136,2020-01-18,"Winnipeg, MB",-17.1,-6.1,-11.6
2137,2020-01-19,"Winnipeg, MB",-28.4,-14.7,-21.6
2138,2020-01-20,"Winnipeg, MB",-28.7,-16.9,-22.8
2139,2020-01-21,"Winnipeg, MB",-17.4,-8.1,-12.8
2140,2020-01-22,"Winnipeg, MB",-16.9,-3.5,-10.2
2141,2020-01-23,"Winnipeg, MB",-9.4,-5.5,-7.5
2142,2020-01-24,"Winnipeg, MB",-6.8,-5.1,-6.0
2143,2020-01-25,"Winnipeg, MB",-7.0,-5.1,-6.0
2144,2020-01-26,"Winnipeg, MB",-10.9,-6.8,-8.9
2145,2020-01-27,"Winnipeg, MB",-10.8,-8.2,-9.5
2146,2020-01-28,"Winnipeg, MB",-15.3,-9.5,-12.4
2147,2020-01-29,"Winnipeg, MB",-15.3,-7.4,-11.3
2148,2020-01-30,"Winnipeg, MB",-8.1,-4.1,-6.1
2149,2020-01-31,"Winnipeg, MB",-5.2,-2.1,-3.6
2090,2020-02-01,"Winnipeg, MB",-8.6,-0.6,-4.6
2091,2020-02-02,"Winnipeg, MB",-10.6,0.0,-5.3
2092,2020-02-03,"Winnipeg, MB",-20.9,-10.5,-15.7
2093,2020-02-04,"Winnipeg, MB",-21.6,-13.7,-17.6
2094,2020-02-05,"Winnipeg, MB",-16.3,-6.5,-11.4
2095,2020-02-06,"Winnipeg, MB",-23.9,-12.9,-18.4
2096,2020-02-07,"Winnipeg, MB",-30.5,-17.4,-23.9
2097,2020-02-08,"Winnipeg, MB",-18.3,-10.8,-14.6
2098,2020-02-09,"Winnipeg, MB",-14.0,-6.8,-10.4
2099,2020-02-10,"Winnipeg, MB",-18.5,-5.5,-12.0
2100,2020-02-11,"Winnipeg, MB",-15.2,-1.8,-8.5
2101,2020-02-12,"Winnipeg, MB",-30.3,-14.2,-22.3
2102,2020-02-13,"Winnipeg, MB",-27.9,-19.1,-23.5
2103,2020-02-14,"Winnipeg, MB",-22.8,-8.1,-15.5
2104,2020-02-15,"Winnipeg, MB",-26.1,-5.7,-15.9
2105,2020-02-16,"Winnipeg, MB",-26.3,-10.9,-18.6
2106,2020-02-17,"Winnipeg, MB",-14.3,-10.1,-12.2
2107,2020-02-18,"Winnipeg, MB",-25.8,-13.1,-19.5
2108,2020-02-19,"Winnipeg, MB",-29.4,-17.2,-23.3
2109,2020-02-20,"Winnipeg, MB",-21.5,-6.9,-14.2
2110,2020-02-21,"Winnipeg, MB",-10.0,2.1,-4.0
2111,2020-02-22,"Winnipeg, MB",-10.2,1.9,-4.2
2112,2020-02-23,"Winnipeg, MB",-10.4,1.2,-4.6
2113,2020-02-24,"Winnipeg, MB",-16.6,-2.1,-9.3
2114,2020-02-25,"Winnipeg, MB",-17.5,-7.5,-12.5
2115,2020-02-26,"Winnipeg, MB",-17.1,-12.4,-14.8
2116,2020-02-27,"Winnipeg, MB",-20.6,-9.2,-14.9
2117,2020-02-28,"Winnipeg, MB",-16.2,-5.9,-11.0
2118,2020-02-29,"Winnipeg, MB",-7.5,0.1,-3.7
2059,2020-03-01,"Winnipeg, MB",-5.4,1.3,-2.0
2060,2020-03-02,"Winnipeg, MB",-12.1,0.8,-5.6
2061,2020-03-03,"Winnipeg, MB",-10.4,-3.4,-6.9
2062,2020-03-04,"Winnipeg, MB",-11.5,0.4,-5.6
2063,2020-03-05,"Winnipeg, MB",-14.3,-1.7,-8.0
2064,2020-03-06,"Winnipeg, MB",-15.4,-1.1,-8.2
2065,2020-03-07,"Winnipeg, MB",-4.0,3.0,-0.5
2066,2020-03-08,"Winnipeg, MB",-14.9,1.4,-6.7
2067,2020-03-09,"Winnipeg, MB",-21.8,-9.9,-15.8
2068,2020-03-10,"Winnipeg, MB",-15.6,-0.1,-7.8
2069,2020-03-11,"Winnipeg, MB",-6.4,4.1,-1.2
2070,2020-03-12,"Winnipeg, MB",-8.1,0.2,-4.0
2071,2020-03-13,"Winnipeg, MB",-16.6,-8.0,-12.3
2072,2020-03-14,"Winnipeg, MB",-20.9,-9.0,-15.0
2073,2020-03-15,"Winnipeg, MB",-14.1,-3.6,-8.8
2074,2020-03-16,"Winnipeg, MB",-12.3,-3.2,-7.7
2075,2020-03-17,"Winnipeg, MB",-15.7,-2.7,-9.2
2076,2020-03-18,"Winnipeg, MB",-15.1,-8.6,-11.9
2077,2020-03-19,"Winnipeg, MB",-17.3,-7.8,-12.6
2078,2020-03-20,"Winnipeg, MB",-23.2,-8.5,-15.8
2079,2020-03-21,"Winnipeg, MB",-15.3,-2.0,-8.6
2080,2020-03-22,"Winnipeg, MB",-4.6,0.6,-2.0
2081,2020-03-23,"Winnipeg, MB",-6.7,4.5,-1.1
2082,2020-03-24,"Winnipeg, MB",-2.7,2.8,0.1
2083,2020-03-25,"Winnipeg, MB",-7.4,-1.1,-4.2
2084,2020-03-26,"Winnipeg, MB",-6.7,3.7,-1.5
2085,2020-03-27,"Winnipeg, MB",-3.0,8.9,3.0
2086,2020-03-28,"Winnipeg, MB",-4.0,8.1,2.0
2087,2020-03-29,"Winnipeg, MB",-2.3,5.7,1.7
2088,2020-03-30,"Winnipeg, MB",-2.6,12.0,4.7
2089,2020-03-31,"Winnipeg, MB",2.4,13.3,7.8
2029,2020-04-01,"Winnipeg, MB",2.8,10.7,6.8
2030,2020-04-02,"Winnipeg, MB",-8.5,3.6,-2.5
2031,2020-04-03,"Winnipeg, MB",-14.4,-8.2,-11.3
2032,2020-04-04,"Winnipeg, MB",-17.3,-3.4,-10.4
2033,2020-04-05,"Winnipeg, MB",-8.1,2.9,-2.6
2034,2020-04-06,"Winnipeg, MB",-2.1,11.9,4.9
2035,2020-04-07,"Winnipeg, MB",0.9,6.4,3.7
2036,2020-04-08,"Winnipeg, MB",-2.1,5.0,1.4
2037,2020-04-09,"Winnipeg, MB",-4.5,-0.6,-2.6
2038,2020-04-10,"Winnipeg, MB",-4.1,9.9,2.9
2039,2020-04-11,"Winnipeg, MB",-3.3,2.3,-0.5
2040,2020-04-12,"Winnipeg, MB",-6.6,-0.4,-3.5
2041,2020-04-13,"Winnipeg, MB",-9.5,-4.6,-7.1
2042,2020-04-14,"Winnipeg, MB",-9.5,-1.8,-5.7
2043,2020-04-15,"Winnipeg, MB",-10.7,1.7,-4.5
2044,2020-04-16,"Winnipeg, MB",-7.6,3.8,-1.9
2045,2020-04-17,"Winnipeg, MB",-5.2,12.0,3.4
2046,2020-04-18,"Winnipeg, MB",-5.9,7.6,0.8
2047,2020-04-19,"Winnipeg, MB",-6.9,10.1,1.6
2048,2020-04-20,"Winnipeg, MB",-6.7,4.3,-1.2
2049,2020-04-21,"Winnipeg, MB",-8.1,3.7,-2.2
2050,2020-04-22,"Winnipeg, MB",-1.6,13.7,6.0
2051,2020-04-23,"Winnipeg, MB",2.6,17.7,10.1
2052,2020-04-24,"Winnipeg, MB",-1.1,16.3,7.6
2053,2020-04-25,"Winnipeg, MB",1.5,12.1,6.8
2054,2020-04-26,"Winnipeg, MB",2.3,17.0,9.6
2055,2020-04-27,"Winnipeg, MB",3.6,17.5,10.5
2056,2020-04-28,"Winnipeg, MB",4.7,14.8,9.8
2057,2020-04-29,"Winnipeg, MB",0.1,17.2,8.7
2058,2020-04-30,"Winnipeg, MB",2.1,22.8,12.4
1998,2020-05-01,"Winnipeg, MB",10.1,16.5,13.3
1999,2020-05-02,"Winnipeg, MB",-0.6,10.1,4.8
2000,2020-05-03,"Winnipeg, MB",-0.8,9.3,4.3
2001,2020-05-04,"Winnipeg, MB",-1.3,12.3,5.5
2002,2020-05-05,"Winnipeg, MB",0.4,16.5,8.5
2003,2020-05-06,"Winnipeg, MB",-3.1,12.8,4.9
2004,2020-05-07,"Winnipeg, MB",-4.5,9.7,2.6
2005,2020-05-08,"Winnipeg, MB",-7.3,9.1,0.9
2006,2020-05-09,"Winnipeg, MB",-0.9,8.9,4.0
2007,2020-05-10,"Winnipeg, MB",-5.6,8.7,1.6
2008,2020-05-11,"Winnipeg, MB",-10.3,8.5,-0.9
2009,2020-05-12,"Winnipeg, MB",-8.9,12.7,1.9
2010,2020-05-13,"Winnipeg, MB",0.7,8.1,4.4
2011,2020-05-14,"Winnipeg, MB",2.9,10.0,6.4
2012,2020-05-15,"Winnipeg, MB",-1.8,13.9,6.1
2013,2020-05-16,"Winnipeg, MB",3.0,20.9,11.9
2014,2020-05-17,"Winnipeg, MB",5.3,25.6,15.5
2015,2020-05-18,"Winnipeg, MB",12.9,25.7,19.3
2016,2020-05-19,"Winnipeg, MB",12.7,27.3,20.0
2017,2020-05-20,"Winnipeg, MB",14.4,27.0,20.7
2018,2020-05-21,"Winnipeg, MB",15.7,26.6,21.1
2019,2020-05-22,"Winnipeg, MB",15.5,26.4,21.0
2020,2020-05-23,"Winnipeg, MB",15.3,28.7,22.0
2021,2020-05-24,"Winnipeg, MB",11.5,20.4,15.9
2022,2020-05-25,"Winnipeg, MB",10.9,21.4,16.2
2023,2020-05-26,"Winnipeg, MB",12.7,21.0,16.8
2024,2020-05-27,"Winnipeg, MB",13.6,24.7,19.1
2025,2020-05-28,"Winnipeg, MB",6.4,15.0,10.7
2026,2020-05-29,"Winnipeg, MB",2.4,14.7,8.6
2027,2020-05-30,"Winnipeg, MB",-2.2,20.8,9.3
2028,2020-05-31,"Winnipeg, MB",5.1,25.4,15.3
1968,2020-06-01,"Winnipeg, MB",16.1,31.8,24.0
1969,2020-06-02,"Winnipeg, MB",9.1,29.5,19.3
1970,2020-06-03,"Winnipeg, MB",6.7,29.3,18.0
1971,2020-06-04,"Winnipeg, MB",10.6,25.5,18.1
1972,2020-06-05,"Winnipeg, MB",7.6,18.5,13.0
1973,2020-06-06,"Winnipeg, MB",2.7,18.6,10.7
1974,2020-06-07,"Winnipeg, MB",11.4,23.6,17.5
1975,2020-06-08,"Winnipeg, MB",15.7,26.6,21.1
1976,2020-06-09,"Winnipeg, MB",12.8,19.3,16.0
1977,2020-06-10,"Winnipeg, MB",8.8,20.4,14.6
1978,2020-06-11,"Winnipeg, MB",6.2,16.4,11.3
1979,2020-06-12,"Winnipeg, MB",2.0,19.9,11.0
1980,2020-06-13,"Winnipeg, MB",8.3,24.0,16.1
1981,2020-06-14,"Winnipeg, MB",14.3,28.6,21.5
1982,2020-06-15,"Winnipeg, MB",15.3,30.9,23.1
1983,2020-06-16,"Winnipeg, MB",10.5,32.3,21.4
1984,2020-06-17,"Winnipeg, MB",19.6,33.2,26.4
1985,2020-06-18,"Winnipeg, MB",10.5,21.3,15.9
1986,2020-06-19,"Winnipeg, MB",7.0,21.2,14.1
1987,2020-06-20,"Winnipeg, MB",11.3,21.6,16.5
1988,2020-06-21,"Winnipeg, MB",10.9,18.1,14.5
1989,2020-06-22,"Winnipeg, MB",10.9,20.5,15.7
1990,2020-06-23,"Winnipeg, MB",10.6,24.0,17.3
1991,2020-06-24,"Winnipeg, MB",8.4,27.0,17.7
1992,2020-06-25,"Winnipeg, MB",16.0,27.3,21.6
1993,2020-06-26,"Winnipeg, MB",16.1,28.0,22.0
1994,2020-06-27,"Winnipeg, MB",17.3,30.5,23.9
1995,2020-06-28,"Winnipeg, MB",21.3,31.6,26.5
1996,2020-06-29,"Winnipeg, MB",20.1,31.3,25.7
1997,2020-06-30,"Winnipeg, MB",19.9,31.3,25.6
1937,2020-07-01,"Winnipeg, MB",19.5,27.1,23.3
1938,2020-07-02,"Winnipeg, MB",18.2,31.1,24.6
1939,2020-07-03,"Winnipeg, MB",17.5,31.9,24.7
1940,2020-07-04,"Winnipeg, MB",17.1,27.6,22.3
1941,2020-07-05,"Winnipeg, MB",17.2,29.4,23.3
1942,2020-07-06,"Winnipeg, MB",15.7,26.6,21.2
1943,2020-07-07,"Winnipeg, MB",14.6,28.8,21.7
1944,2020-07-08,"Winnipeg, MB",17.7,27.6,22.7
1945,2020-07-09,"Winnipeg, MB",15.6,25.4,20.5
1946,2020-07-10,"Winnipeg, MB",12.3,26.3,19.3
1947,2020-07-11,"Winnipeg, MB",16.0,26.7,21.4
1948,2020-07-12,"Winnipeg, MB",15.2,27.4,21.3
1949,2020-07-13,"Winnipeg, MB",15.5,23.5,19.5
1950,2020-07-14,"Winnipeg, MB",12.3,24.9,18.6
1951,2020-07-15,"Winnipeg, MB",13.9,26.2,20.0
1952,2020-07-16,"Winnipeg, MB",16.8,26.8,21.8
1953,2020-07-17,"Winnipeg, MB",12.4,28.4,20.4
1954,2020-07-18,"Winnipeg, MB",14.4,23.5,18.9
1955,2020-07-19,"Winnipeg, MB",11.3,23.3,17.3
1956,2020-07-20,"Winnipeg, MB",8.9,24.1,16.5
1957,2020-07-21,"Winnipeg, MB",11.8,24.7,18.3
1958,2020-07-22,"Winnipeg, MB",12.0,25.1,18.5
1959,2020-07-23,"Winnipeg, MB",16.3,24.1,20.2
1960,2020-07-24,"Winnipeg, MB",20.8,32.4,26.6
1961,2020-07-25,"Winnipeg, MB",20.3,32.5,26.4
1962,2020-07-26,"Winnipeg, MB",12.9,26.5,19.7
1963,2020-07-27,"Winnipeg, MB",13.0,25.8,19.4
1964,2020-07-28,"Winnipeg, MB",11.7,25.8,18.7
1965,2020-07-29,"Winnipeg, MB",9.7,27.5,18.6
1966,2020-07-30,"Winnipeg, MB",12.0,29.4,20.7
1967,2020-07-31,"Winnipeg, MB",12.4,28.1,20.2
1906,2020-08-01,"Winnipeg, MB",11.7,25.3,18.5
1907,2020-08-02,"Winnipeg, MB",9.9,25.3,17.6
1908,2020-08-03,"Winnipeg, MB",7.5,27.7,17.6
1909,2020-08-04,"Winnipeg, MB",9.4,26.4,17.9
1910,2020-08-05,"Winnipeg, MB",13.6,28.8,21.2
1911,2020-08-06,"Winnipeg, MB",M,M,M
1912,2020-08-07,"Winnipeg, MB",17.2,28.1,22.7
1913,2020-08-08,"Winnipeg, MB",12.6,28.4,20.5
1914,2020-08-09,"Winnipeg, MB",14.2,26.0,20.1
1915,2020-08-10,"Winnipeg, MB",12.1,27.2,19.6
1916,2020-08-11,"Winnipeg, MB",12.2,28.1,20.2
1917,2020-08-12,"Winnipeg, MB",10.9,31.4,21.2
1918,2020-08-13,"Winnipeg, MB",16.3,25.1,20.7
1919,2020-08-14,"Winnipeg, MB",13.7,18.0,15.8
1920,2020-08-15,"Winnipeg, MB",11.4,25.3,18.4
1921,2020-08-16,"Winnipeg, MB",9.7,24.0,16.8
1922,2020-08-17,"Winnipeg, MB",7.3,25.8,16.6
1923,2020-08-18,"Winnipeg, MB",13.3,33.5,23.4
1924,2020-08-19,"Winnipeg, MB",18.1,32.2,25.2
1925,2020-08-20,"Winnipeg, MB",16.0,32.0,24.0
1926,2020-08-21,"Winnipeg, MB",17.7,31.4,24.6
1927,2020-08-22,"Winnipeg, MB",16.2,25.5,20.9
1928,2020-08-23,"Winnipeg, MB",11.9,25.0,18.4
1929,2020-08-24,"Winnipeg, MB",10.7,30.9,20.8
1930,2020-08-25,"Winnipeg, MB",13.6,30.3,21.9
1931,2020-08-26,"Winnipeg, MB",12.7,24.2,18.4
1932,2020-08-27,"Winnipeg, MB",8.7,26.2,17.5
1933,2020-08-28,"Winnipeg, MB",9.8,23.0,16.4
1934,2020-08-29,"Winnipeg, MB",7.1,24.2,15.6
1935,2020-08-30,"Winnipeg, MB",10.8,22.1,16.4
1936,2020-08-31,"Winnipeg, MB",7.3,17.9,12.6
1876,2020-09-01,"Winnipeg, MB",6.1,21.7,13.9
1877,2020-09-02,"Winnipeg, MB",M,M,M
1878,2020-09-03,"Winnipeg, MB",4.9,17.9,11.4
1879,2020-09-04,"Winnipeg, MB",3.0,19.5,11.3
1880,2020-09-05,"Winnipeg, MB",5.5,23.6,14.6
1881,2020-09-06,"Winnipeg, MB",6.8,19.7,13.2
1882,2020-09-07,"Winnipeg, MB",0.6,11.5,6.0
1883,2020-09-08,"Winnipeg, MB",-0.7,12.1,5.7
1884,2020-09-09,"Winnipeg, MB",2.2,16.4,9.3
1885,2020-09-10,"Winnipeg, MB",5.8,23.5,14.6
1886,2020-09-11,"Winnipeg, MB",8.1,22.2,15.1
1887,2020-09-12,"Winnipeg, MB",6.6,22.4,14.5
1888,2020-09-13,"Winnipeg, MB",2.3,16.1,9.2
1889,2020-09-14,"Winnipeg, MB",1.6,16.4,9.0
1890,2020-09-15,"Winnipeg, MB",8.1,17.4,12.7
1891,2020-09-16,"Winnipeg, MB",-0.5,10.8,5.2
1892,2020-09-17,"Winnipeg, MB",-3.7,13.5,4.9
1893,2020-09-18,"Winnipeg, MB",-1.2,20.5,9.7
1894,2020-09-19,"Winnipeg, MB",4.5,24.7,14.6
1895,2020-09-20,"Winnipeg, MB",13.1,23.6,18.4
1896,2020-09-21,"Winnipeg, MB",8.9,22.8,15.8
1897,2020-09-22,"Winnipeg, MB",4.9,30.6,17.8
1898,2020-09-23,"Winnipeg, MB",4.0,14.7,9.4
1899,2020-09-24,"Winnipeg, MB",1.2,21.9,11.5
1900,2020-09-25,"Winnipeg, MB",10.3,25.9,18.1
1901,2020-09-26,"Winnipeg, MB",8.5,23.4,16.0
1902,2020-09-27,"Winnipeg, MB",7.9,15.4,11.6
1903,2020-09-28,"Winnipeg, MB",7.5,14.2,10.9
1904,2020-09-29,"Winnipeg, MB",4.5,19.9,12.2
1905,2020-09-30,"Winnipeg, MB",4.5,12.5,8.5
1845,2020-10-01,"Winnipeg, MB",-3.6,8.2,2.3
1846,2020-10-02,"Winnipeg, MB",-7.1,8.4,0.7
1847,2020-10-03,"Winnipeg, MB",-5.7,12.6,3.4
1848,2020-10-04,"Winnipeg, MB",-1.8,17.4,7.8
1849,2020-10-05,"Winnipeg, MB",8.5,20.0,14.3
1850,2020-10-06,"Winnipeg, MB",3.4,19.0,11.2
1851,2020-10-07,"Winnipeg, MB",0.2,14.4,7.3
1852,2020-10-08,"Winnipeg, MB",-1.9,16.5,7.3
1853,2020-10-09,"Winnipeg, MB",3.1,14.9,9.0
1854,2020-10-10,"Winnipeg, MB",1.2,13.5,7.3
1855,2020-10-11,"Winnipeg, MB",9.9,20.0,15.0
1856,2020-10-12,"Winnipeg, MB",2.8,13.8,8.3
1857,2020-10-13,"Winnipeg, MB",3.7,12.6,8.2
1858,2020-10-14,"Winnipeg, MB",-7.8,7.6,-0.1
1859,2020-10-15,"Winnipeg, MB",-7.4,4.9,-1.3
1860,2020-10-16,"Winnipeg, MB",-8.5,1.6,-3.5
1861,2020-10-17,"Winnipeg, MB",-10.3,3.3,-3.5
1862,2020-10-18,"Winnipeg, MB",-3.8,1.7,-1.0
1863,2020-10-19,"Winnipeg, MB",-9.5,3.5,-3.0
1864,2020-10-20,"Winnipeg, MB",-8.9,2.7,-3.1
1865,2020-10-21,"Winnipeg, MB",-5.7,0.4,-2.6
1866,2020-10-22,"Winnipeg, MB",-6.4,2.0,-2.2
1867,2020-10-23,"Winnipeg, MB",-8.1,0.3,-3.9
1868,2020-10-24,"Winnipeg, MB",-4.8,-1.2,-3.0
1869,2020-10-25,"Winnipeg, MB",-6.0,-1.6,-3.8
1870,2020-10-26,"Winnipeg, MB",-6.8,-0.7,-3.8
1871,2020-10-27,"Winnipeg, MB",-8.3,2.2,-3.1
1872,2020-10-28,"Winnipeg, MB",-5.4,3.4,-1.0
1873,2020-10-29,"Winnipeg, MB",-10.5,-2.6,-6.6
1874,2020-10-30,"Winnipeg, MB",-5.0,3.5,-0.8
1875,2020-10-31,"Winnipeg, MB",-6.3,5.7,-0.3
1815,2020-11-01,"Winnipeg, MB",-12.6,1.9,-5.4
1816,2020-11-02,"Winnipeg, MB",-4.0,15.6,5.8
1817,2020-11-03,"Winnipeg, MB",0.0,18.2,9.1
1818,2020-11-04,"Winnipeg, MB",-3.2,18.5,7.7
1819,2020-11-05,"Winnipeg, MB",M,M,M
1820,2020-11-06,"Winnipeg, MB",-2.7,12.4,4.8
1821,2020-11-07,"Winnipeg, MB",-2.7,4.3,0.8
1822,2020-11-08,"Winnipeg, MB",2.5,19.2,10.9
1823,2020-11-09,"Winnipeg, MB",-8.8,2.6,-3.1
1824,2020-11-10,"Winnipeg, MB",M,M,M
1825,2020-11-11,"Winnipeg, MB",-15.0,-1.1,-8.0
1826,2020-11-12,"Winnipeg, MB",-17.8,-5.6,-11.7
1827,2020-11-13,"Winnipeg, MB",-18.4,-0.5,-9.5
1828,2020-11-14,"Winnipeg, MB",-2.5,3.7,0.6
1829,2020-11-15,"Winnipeg, MB",-15.2,0.3,-7.4
1830,2020-11-16,"Winnipeg, MB",-16.0,-5.7,-10.8
1831,2020-11-17,"Winnipeg, MB",-14.8,-4.0,-9.4
1832,2020-11-18,"Winnipeg, MB",-4.3,3.7,-0.3
1833,2020-11-19,"Winnipeg, MB",-5.0,3.3,-0.9
1834,2020-11-20,"Winnipeg, MB",-9.9,-4.1,-7.0
1835,2020-11-21,"Winnipeg, MB",-13.3,-3.9,-8.6
1836,2020-11-22,"Winnipeg, MB",-17.1,-4.7,-10.9
1837,2020-11-23,"Winnipeg, MB",-19.6,-3.2,-11.4
1838,2020-11-24,"Winnipeg, MB",-6.3,0.3,-3.0
1839,2020-11-25,"Winnipeg, MB",-8.5,-0.3,-4.4
1840,2020-11-26,"Winnipeg, MB",-5.2,2.1,-1.6
1841,2020-11-27,"Winnipeg, MB",-9.0,2.8,-3.1
1842,2020-11-28,"Winnipeg, MB",-7.2,1.7,-2.8
1843,2020-11-29,"Winnipeg, MB",-13.4,-1.6,-7.5
1844,2020-11-30,"Winnipeg, MB",-11.0,0.0,-5.5
1784,2020-12-01,"Winnipeg, MB",-9.4,1.3,-4.0
1785,2020-12-02,"Winnipeg, MB",-6.8,4.0,-1.4
1786,2020-12-03,"Winnipeg, MB",-8.4,3.3,-2.5
1787,2020-12-04,"Winnipeg, MB",-10.6,1.6,-4.5
1788,2020-12-05,"Winnipeg, MB",-8.1,4.1,-2.0
1789,2020-12-06,"Winnipeg, MB",-8.4,2.0,-3.2
1790,2020-12-07,"Winnipeg, MB",-9.2,2.4,-3.4
1791,2020-12-08,"Winnipeg, MB",-2.9,6.7,1.9
1792,2020-12-09,"Winnipeg, MB",-7.2,3.7,-1.8
1793,2020-12-10,"Winnipeg, MB",-4.3,2.1,-1.1
1794,2020-12-11,"Winnipeg, MB",-5.0,-3.8,-4.4
1795,2020-12-12,"Winnipeg, MB",-6.5,-4.4,-5.5
1796,2020-12-13,"Winnipeg, MB",-20.1,-4.5,-12.3
1797,2020-12-14,"Winnipeg, MB",-26.0,-16.3,-21.2
1798,2020-12-15,"Winnipeg, MB",-16.3,-8.4,-12.4
1799,2020-12-16,"Winnipeg, MB",-9.2,-2.1,-5.6
1800,2020-12-17,"Winnipeg, MB",-4.3,-2.0,-3.2
1801,2020-12-18,"Winnipeg, MB",-18.5,-1.7,-10.1
1802,2020-12-19,"Winnipeg, MB",-18.6,3.0,-7.8
1803,2020-12-20,"Winnipeg, MB",-14.1,-2.8,-8.4
1804,2020-12-21,"Winnipeg, MB",-15.0,-7.3,-11.1
1805,2020-12-22,"Winnipeg, MB",-13.6,-3.5,-8.6
1806,2020-12-23,"Winnipeg, MB",-25.2,-9.1,-17.1
1807,2020-12-24,"Winnipeg, MB",-27.8,-16.7,-22.2
1808,2020-12-25,"Winnipeg, MB",-16.7,-3.7,-10.2
1809,2020-12-26,"Winnipeg, MB",-11.0,-6.6,-8.8
1810,2020-12-27,"Winnipeg, MB",-23.6,-6.6,-15.1
1811,2020-12-28,"Winnipeg, MB",-27.7,-14.4,-21.1
1812,2020-12-29,"Winnipeg, MB",-15.2,-5.9,-10.6
1813,2020-12-30,"Winnipeg, MB",-14.7,-9.0,-11.8
1814,2020-12-31,"Winnipeg, MB",-13.2,-7.4,-10.3
1753,2021-01-01,"Winnipeg, MB",-11.4,-4.4,-7.9
1754,2021-01-02,"Winnipeg, MB",-8.0,-1.2,-4.6
1755,2021-01-03,"Winnipeg, MB",-8.5,3.0,-2.8
1756,2021-01-04,"Winnipeg, MB",-13.2,3.4,-4.9
1757,2021-01-05,"Winnipeg, MB",-15.3,-2.3,-8.8
1758,2021-01-06,"Winnipeg, MB",-6.3,-2.1,-4.2
1759,2021-01-07,"Winnipeg, MB",-5.1,-1.3,-3.2
1760,2021-01-08,"Winnipeg, MB",-5.9,-0.7,-3.3
1761,2021-01-09,"Winnipeg, MB",-10.1,-2.9,-6.5
1762,2021-01-10,"Winnipeg, MB",-10.9,-1.5,-6.2
1763,2021-01-11,"Winnipeg, MB",-10.0,-3.6,-6.8
1764,2021-01-12,"Winnipeg, MB",-9.4,0.6,-4.4
1765,2021-01-13,"Winnipeg, MB",-10.4,3.2,-3.6
1766,2021-01-14,"Winnipeg, MB",-2.0,1.2,-0.4
1767,2021-01-15,"Winnipeg, MB",-14.7,-1.8,-8.2
1768,2021-01-16,"Winnipeg, MB",-14.4,-7.4,-10.9
1769,2021-01-17,"Winnipeg, MB",-16.0,-5.6,-10.8
1770,2021-01-18,"Winnipeg, MB",-21.7,-15.8,-18.8
1771,2021-01-19,"Winnipeg, MB",-23.6,-14.0,-18.8
1772,2021-01-20,"Winnipeg, MB",-14.0,2.9,-5.6
1773,2021-01-21,"Winnipeg, MB",-19.8,-0.9,-10.4
1774,2021-01-22,"Winnipeg, MB",-17.1,-10.3,-13.7
1775,2021-01-23,"Winnipeg, MB",-15.6,-4.8,-10.2
1776,2021-01-24,"Winnipeg, MB",-25.9,-15.6,-20.8
1777,2021-01-25,"Winnipeg, MB",-28.5,-23.1,-25.8
1778,2021-01-26,"Winnipeg, MB",-32.8,-24.4,-28.6
1779,2021-01-27,"Winnipeg, MB",-31.9,-18.6,-25.3
1780,2021-01-28,"Winnipeg, MB",-25.2,-10.5,-17.8
1781,2021-01-29,"Winnipeg, MB",-17.4,-6.6,-12.0
1782,2021-01-30,"Winnipeg, MB",-7.0,-4.3,-5.6
1783,2021-01-31,"Winnipeg, MB",-14.9,-5.6,-10.2
1725,2021-02-01,"Winnipeg, MB",-9.3,-5.6,-7.5
1726,2021-02-02,"Winnipeg, MB",-7.2,-4.2,-5.7
1727,2021-02-03,"Winnipeg, MB",-5.6,-3.0,-4.3
1728,2021-02-04,"Winnipeg, MB",-17.4,-5.6,-11.5
1729,2021-02-05,"Winnipeg, MB",-26.1,-17.4,-21.7
1730,2021-02-06,"Winnipeg, MB",-33.1,-26.0,-29.6
1731,2021-02-07,"Winnipeg, MB",-33.8,-26.5,-30.1
1732,2021-02-08,"Winnipeg, MB",-35.4,-24.0,-29.7
1733,2021-02-09,"Winnipeg, MB",-29.4,-22.2,-25.8
1734,2021-02-10,"Winnipeg, MB",-31.9,-23.6,-27.8
1735,2021-02-11,"Winnipeg, MB",-35.1,-25.9,-30.5
1736,2021-02-12,"Winnipeg, MB",-32.6,-26.9,-29.8
1737,2021-02-13,"Winnipeg, MB",-38.8,-26.0,-32.4
1738,2021-02-14,"Winnipeg, MB",-36.7,-24.2,-30.4
1739,2021-02-15,"Winnipeg, MB",-29.9,-18.2,-24.1
1740,2021-02-16,"Winnipeg, MB",-26.6,-17.7,-22.2
1741,2021-02-17,"Winnipeg, MB",-27.0,-14.8,-20.9
1742,2021-02-18,"Winnipeg, MB",-20.3,-11.7,-16.0
1743,2021-02-19,"Winnipeg, MB",-26.3,-12.1,-19.2
1744,2021-02-20,"Winnipeg, MB",-14.1,-3.1,-8.6
1745,2021-02-21,"Winnipeg, MB",-11.4,0.7,-5.3
1746,2021-02-22,"Winnipeg, MB",-3.0,5.0,1.0
1747,2021-02-23,"Winnipeg, MB",-11.7,0.9,-5.4
1748,2021-02-24,"Winnipeg, MB",-17.1,-6.4,-11.8
1749,2021-02-25,"Winnipeg, MB",-8.7,1.2,-3.7
1750,2021-02-26,"Winnipeg, MB",-19.1,2.9,-8.1
1751,2021-02-27,"Winnipeg, MB",-24.4,-18.8,-21.6
1752,2021-02-28,"Winnipeg, MB",-23.9,-10.9,-17.4
1694,2021-03-01,"Winnipeg, MB",-28.0,-9.7,-18.8
1695,2021-03-02,"Winnipeg, MB",-9.7,4.0,-2.9
1696,2021-03-03,"Winnipeg, MB",-13.6,-0.1,-6.9
1697,2021-03-04,"Winnipeg, MB",-7.1,6.4,-0.3
1698,2021-03-05,"Winnipeg, MB",-5.6,8.0,1.2
1699,2021-03-06,"Winnipeg, MB",-2.5,8.4,2.9
1700,2021-03-07,"Winnipeg, MB",-1.6,7.9,3.1
1701,2021-03-08,"Winnipeg, MB",-3.0,14.4,5.7
1702,2021-03-09,"Winnipeg, MB",-3.0,6.5,1.7
1703,2021-03-10,"Winnipeg, MB",-4.8,0.1,-2.4
1704,2021-03-11,"Winnipeg, MB",-13.7,-4.5,-9.1
1705,2021-03-12,"Winnipeg, MB",-13.7,5.9,-3.9
1706,2021-03-13,"Winnipeg, MB",-5.5,9.4,2.0
1707,2021-03-14,"Winnipeg, MB",-6.7,6.3,-0.2
1708,2021-03-15,"Winnipeg, MB",-3.9,8.1,2.1
1709,2021-03-16,"Winnipeg, MB",-3.7,7.6,1.9
1710,2021-03-17,"Winnipeg, MB",-6.1,8.7,1.3
1711,2021-03-18,"Winnipeg, MB",-9.7,11.6,1.0
1712,2021-03-19,"Winnipeg, MB",-1.7,15.6,6.9
1713,2021-03-20,"Winnipeg, MB",0.9,17.3,9.1
1714,2021-03-21,"Winnipeg, MB",-0.4,13.4,6.5
1715,2021-03-22,"Winnipeg, MB",-8.1,7.6,-0.3
1716,2021-03-23,"Winnipeg, MB",-5.9,4.0,-0.9
1717,2021-03-24,"Winnipeg, MB",-9.2,3.1,-3.1
1718,2021-03-25,"Winnipeg, MB",-9.8,10.5,0.4
1719,2021-03-26,"Winnipeg, MB",-1.3,4.5,1.6
1720,2021-03-27,"Winnipeg, MB",-7.9,3.4,-2.3
1721,2021-03-28,"Winnipeg, MB",-9.9,5.7,-2.1
1722,2021-03-29,"Winnipeg, MB",-1.2,19.9,9.3
1723,2021-03-30,"Winnipeg, MB",-11.9,-1.2,-6.6
1724,2021-03-31,"Winnipeg, MB",-18.9,-1.2,-10.0
1664,2021-04-01,"Winnipeg, MB",-6.8,13.4,3.3
1665,2021-04-02,"Winnipeg, MB",-2.2,16.3,7.0
1666,2021-04-03,"Winnipeg, MB",-6.2,15.4,4.6
1667,2021-04-04,"Winnipeg, MB",0.3,16.7,8.5
1668,2021-04-05,"Winnipeg, MB",-3.3,15.8,6.3
1669,2021-04-06,"Winnipeg, MB",-7.4,14.5,3.6
1670,2021-04-07,"Winnipeg, MB",-3.6,17.5,6.9
1671,2021-04-08,"Winnipeg, MB",0.8,11.7,6.3
1672,2021-04-09,"Winnipeg, MB",-1.7,10.0,4.1
1673,2021-04-10,"Winnipeg, MB",-6.5,14.1,3.8
1674,2021-04-11,"Winnipeg, MB",-0.8,10.4,4.8
1675,2021-04-12,"Winnipeg, MB",-3.7,1.1,-1.3
1676,2021-04-13,"Winnipeg, MB",-4.0,-1.6,-2.8
1677,2021-04-14,"Winnipeg, MB",-3.9,1.1,-1.4
1678,2021-04-15,"Winnipeg, MB",-0.8,4.7,1.9
1679,2021-04-16,"Winnipeg, MB",-3.6,9.7,3.0
1680,2021-04-17,"Winnipeg, MB",-4.5,13.6,4.5
1681,2021-04-18,"Winnipeg, MB",-4.7,6.3,0.8
1682,2021-04-19,"Winnipeg, MB",-8.3,1.9,-3.2
1683,2021-04-20,"Winnipeg, MB",-7.3,1.4,-2.9
1684,2021-04-21,"Winnipeg, MB",-6.0,14.5,4.2
1685,2021-04-22,"Winnipeg, MB",-1.5,20.4,9.5
1686,2021-04-23,"Winnipeg, MB",-6.2,3.5,-1.4
1687,2021-04-24,"Winnipeg, MB",-11.5,9.0,-1.2
1688,2021-04-25,"Winnipeg, MB",1.2,11.2,6.2
1689,2021-04-26,"Winnipeg, MB",1.9,9.0,5.4
1690,2021-04-27,"Winnipeg, MB",0.0,18.5,9.3
1691,2021-04-28,"Winnipeg, MB",-4.6,10.6,3.0
1692,2021-04-29,"Winnipeg, MB",-7.3,11.9,2.3
1693,2021-04-30,"Winnipeg, MB",-6.8,11.7,2.4
1633,2021-05-01,"Winnipeg, MB",-1.0,21.3,10.2
1634,2021-05-02,"Winnipeg, MB",-0.1,12.3,6.1
1635,2021-05-03,"Winnipeg, MB",-3.4,9.0,2.8
1636,2021-05-04,"Winnipeg, MB",-7.4,11.1,1.9
1637,2021-05-05,"Winnipeg, MB",-5.9,12.7,3.4
1638,2021-05-06,"Winnipeg, MB",-4.4,13.1,4.3
1639,2021-05-07,"Winnipeg, MB",-5.4,14.0,4.3
1640,2021-05-08,"Winnipeg, MB",-5.9,13.1,3.6
1641,2021-05-09,"Winnipeg, MB",-4.3,11.5,3.6
1642,2021-05-10,"Winnipeg, MB",-3.2,13.6,5.2
1643,2021-05-11,"Winnipeg, MB",1.4,20.4,10.9
1644,2021-05-12,"Winnipeg, MB",3.7,24.7,14.2
1645,2021-05-13,"Winnipeg, MB",2.6,23.8,13.2
1646,2021-05-14,"Winnipeg, MB",6.1,24.0,15.0
1647,2021-05-15,"Winnipeg, MB",5.1,25.0,15.1
1648,2021-05-16,"Winnipeg, MB",11.7,28.9,20.3
1649,2021-05-17,"Winnipeg, MB",8.2,31.8,20.0
1650,2021-05-18,"Winnipeg, MB",12.9,29.3,21.1
1651,2021-05-19,"Winnipeg, MB",16.3,25.2,20.7
1652,2021-05-20,"Winnipeg, MB",6.6,17.7,12.2
1653,2021-05-21,"Winnipeg, MB",5.1,13.1,9.1
1654,2021-05-22,"Winnipeg, MB",2.7,9.7,6.2
1655,2021-05-23,"Winnipeg, MB",7.1,14.1,10.6
1656,2021-05-24,"Winnipeg, MB",10.7,27.5,19.1
1657,2021-05-25,"Winnipeg, MB",2.5,19.5,11.0
1658,2021-05-26,"Winnipeg, MB",0.6,8.7,4.7
1659,2021-05-27,"Winnipeg, MB",-3.1,14.9,5.9
1660,2021-05-28,"Winnipeg, MB",1.0,20.2,10.6
1661,2021-05-29,"Winnipeg, MB",10.5,23.8,17.1
1662,2021-05-30,"Winnipeg, MB",6.6,22.8,14.7
1663,2021-05-31,"Winnipeg, MB",2.0,24.3,13.2
1603,2021-06-01,"Winnipeg, MB",9.1,29.9,19.5
1604,2021-06-02,"Winnipeg, MB",9.2,29.6,19.4
1605,2021-06-03,"Winnipeg, MB",16.3,30.7,23.5
1606,2021-06-04,"Winnipeg, MB",17.9,36.5,27.2
1607,2021-06-05,"Winnipeg, MB",11.1,36.1,23.6
1608,2021-06-06,"Winnipeg, MB",16.1,26.6,21.3
1609,2021-06-07,"Winnipeg, MB",9.0,25.4,17.2
1610,2021-06-08,"Winnipeg, MB",12.7,30.6,21.6
1611,2021-06-09,"Winnipeg, MB",16.9,23.6,20.3
1612,2021-06-10,"Winnipeg, MB",16.5,20.7,18.6
1613,2021-06-11,"Winnipeg, MB",16.4,24.8,20.6
1614,2021-06-12,"Winnipeg, MB",14.8,27.0,20.9
1615,2021-06-13,"Winnipeg, MB",12.9,27.5,20.2
1616,2021-06-14,"Winnipeg, MB",10.4,27.6,19.0
1617,2021-06-15,"Winnipeg, MB",9.4,28.5,19.0
1618,2021-06-16,"Winnipeg, MB",15.5,31.9,23.7
1619,2021-06-17,"Winnipeg, MB",13.0,30.0,21.5
1620,2021-06-18,"Winnipeg, MB",10.7,21.0,15.9
1621,2021-06-19,"Winnipeg, MB",8.2,23.4,15.8
1622,2021-06-20,"Winnipeg, MB",5.8,19.8,12.8
1623,2021-06-21,"Winnipeg, MB",1.9,17.6,9.7
1624,2021-06-22,"Winnipeg, MB",9.1,26.0,17.6
1625,2021-06-23,"Winnipeg, MB",14.4,32.2,23.3
1626,2021-06-24,"Winnipeg, MB",10.7,26.9,18.8
1627,2021-06-25,"Winnipeg, MB",14.2,27.1,20.7
1628,2021-06-26,"Winnipeg, MB",13.6,28.4,21.0
1629,2021-06-27,"Winnipeg, MB",10.2,26.2,18.2
1630,2021-06-28,"Winnipeg, MB",10.8,26.7,18.7
1631,2021-06-29,"Winnipeg, MB",9.3,30.9,20.1
1632,2021-06-30,"Winnipeg, MB",16.7,31.7,24.2
1572,2021-07-01,"Winnipeg, MB",13.5,32.0,22.7
1573,2021-07-02,"Winnipeg, MB",15.6,34.1,24.9
1574,2021-07-03,"Winnipeg, MB",21.2,35.0,28.1
1575,2021-07-04,"Winnipeg, MB",17.0,32.5,24.8
1576,2021-07-05,"Winnipeg, MB",13.1,25.9,19.5
1577,2021-07-06,"Winnipeg, MB",7.8,18.0,12.9
1578,2021-07-07,"Winnipeg, MB",6.2,24.1,15.2
1579,2021-07-08,"Winnipeg, MB",10.8,26.5,18.6
1580,2021-07-09,"Winnipeg, MB",15.3,29.4,22.3
1581,2021-07-10,"Winnipeg, MB",16.7,33.9,25.3
1582,2021-07-11,"Winnipeg, MB",15.5,35.5,25.5
1583,2021-07-12,"Winnipeg, MB",14.7,29.1,21.9
1584,2021-07-13,"Winnipeg, MB",12.6,26.6,19.6
1585,2021-07-14,"Winnipeg, MB",10.8,28.7,19.7
1586,2021-07-15,"Winnipeg, MB",15.6,31.2,23.4
1587,2021-07-16,"Winnipeg, MB",17.7,32.4,25.0
1588,2021-07-17,"Winnipeg, MB",17.3,31.6,24.4
1589,2021-07-18,"Winnipeg, MB",16.8,33.0,24.9
1590,2021-07-19,"Winnipeg, MB",16.1,25.6,20.8
1591,2021-07-20,"Winnipeg, MB",16.8,20.8,18.8
1592,2021-07-21,"Winnipeg, MB",18.7,26.1,22.4
1593,2021-07-22,"Winnipeg, MB",18.8,30.6,24.7
1594,2021-07-23,"Winnipeg, MB",14.1,32.3,23.2
1595,2021-07-24,"Winnipeg, MB",13.2,29.8,21.5
1596,2021-07-25,"Winnipeg, MB",13.7,30.5,22.1
1597,2021-07-26,"Winnipeg, MB",14.6,28.0,21.3
1598,2021-07-27,"Winnipeg, MB",10.9,31.0,20.9
1599,2021-07-28,"Winnipeg, MB",12.9,31.9,22.4
1600,2021-07-29,"Winnipeg, MB",10.2,28.7,19.4
1601,2021-07-30,"Winnipeg, MB",14.2,32.8,23.5
1602,2021-07-31,"Winnipeg, MB",10.6,27.2,18.9
1541,2021-08-01,"Winnipeg, MB",8.5,27.8,18.2
1542,2021-08-02,"Winnipeg, MB",12.3,31.3,21.8
1543,2021-08-03,"Winnipeg, MB",14.4,33.9,24.2
1544,2021-08-04,"Winnipeg, MB",20.5,26.7,23.6
1545,2021-08-05,"Winnipeg, MB",10.1,21.6,15.9
1546,2021-08-06,"Winnipeg, MB",5.5,25.6,15.6
1547,2021-08-07,"Winnipeg, MB",13.8,30.7,22.3
1548,2021-08-08,"Winnipeg, MB",18.3,33.0,25.6
1549,2021-08-09,"Winnipeg, MB",17.1,23.0,20.1
1550,2021-08-10,"Winnipeg, MB",15.3,26.2,20.7
1551,2021-08-11,"Winnipeg, MB",12.2,25.3,18.8
1552,2021-08-12,"Winnipeg, MB",8.6,19.3,13.9
1553,2021-08-13,"Winnipeg, MB",5.7,22.8,14.3
1554,2021-08-14,"Winnipeg, MB",12.5,33.6,23.0
1555,2021-08-15,"Winnipeg, MB",17.6,34.5,26.0
1556,2021-08-16,"Winnipeg, MB",22.2,33.4,27.8
1557,2021-08-17,"Winnipeg, MB",18.4,27.7,23.0
1558,2021-08-18,"Winnipeg, MB",18.0,30.1,24.0
1559,2021-08-19,"Winnipeg, MB",15.8,22.7,19.3
1560,2021-08-20,"Winnipeg, MB",14.4,18.2,16.3
1561,2021-08-21,"Winnipeg, MB",11.1,20.0,15.6
1562,2021-08-22,"Winnipeg, MB",10.1,23.6,16.8
1563,2021-08-23,"Winnipeg, MB",13.4,18.5,16.0
1564,2021-08-24,"Winnipeg, MB",12.8,20.0,16.4
1565,2021-08-25,"Winnipeg, MB",7.4,19.2,13.3
1566,2021-08-26,"Winnipeg, MB",4.6,18.9,11.7
1567,2021-08-27,"Winnipeg, MB",10.8,18.8,14.8
1568,2021-08-28,"Winnipeg, MB",15.8,23.4,19.6
1569,2021-08-29,"Winnipeg, MB",11.8,21.3,16.6
1570,2021-08-30,"Winnipeg, MB",8.5,23.5,16.0
1571,2021-08-31,"Winnipeg, MB",10.4,25.7,18.0
1511,2021-09-01,"Winnipeg, MB",15.1,26.8,20.9
1512,2021-09-02,"Winnipeg, MB",16.4,22.0,19.2
1513,2021-09-03,"Winnipeg, MB",12.6,23.6,18.1
1514,2021-09-04,"Winnipeg, MB",9.2,21.5,15.3
1515,2021-09-05,"Winnipeg, MB",8.8,19.9,14.4
1516,2021-09-06,"Winnipeg, MB",12.9,26.4,19.7
1517,2021-09-07,"Winnipeg, MB",10.7,24.1,17.4
1518,2021-09-08,"Winnipeg, MB",9.2,22.4,15.8
1519,2021-09-09,"Winnipeg, MB",6.1,22.6,14.3
1520,2021-09-10,"Winnipeg, MB",10.2,28.0,19.1
1521,2021-09-11,"Winnipeg, MB",6.4,18.4,12.4
1522,2021-09-12,"Winnipeg, MB",9.2,19.4,14.3
1523,2021-09-13,"Winnipeg, MB",12.7,22.2,17.5
1524,2021-09-14,"Winnipeg, MB",6.9,22.1,14.5
1525,2021-09-15,"Winnipeg, MB",4.2,23.7,13.9
1526,2021-09-16,"Winnipeg, MB",7.1,14.9,11.0
1527,2021-09-17,"Winnipeg, MB",6.9,17.5,12.2
1528,2021-09-18,"Winnipeg, MB",7.3,25.1,16.2
1529,2021-09-19,"Winnipeg, MB",14.5,28.8,21.6
1530,2021-09-20,"Winnipeg, MB",4.5,18.0,11.2
1531,2021-09-21,"Winnipeg, MB",2.7,19.8,11.2
1532,2021-09-22,"Winnipeg, MB",5.9,25.3,15.6
1533,2021-09-23,"Winnipeg, MB",8.5,23.2,15.8
1534,2021-09-24,"Winnipeg, MB",2.1,15.2,8.6
1535,2021-09-25,"Winnipeg, MB",4.0,24.8,14.4
1536,2021-09-26,"Winnipeg, MB",5.4,21.4,13.4
1537,2021-09-27,"Winnipeg, MB",4.8,24.7,14.7
1538,2021-09-28,"Winnipeg, MB",12.2,29.5,20.8
1539,2021-09-29,"Winnipeg, MB",17.3,31.5,24.4
1540,2021-09-30,"Winnipeg, MB",9.1,22.6,15.8
1480,2021-10-01,"Winnipeg, MB",5.0,20.4,12.7
1481,2021-10-02,"Winnipeg, MB",3.0,22.7,12.9
1482,2021-10-03,"Winnipeg, MB",2.6,24.0,13.3
1483,2021-10-04,"Winnipeg, MB",3.1,25.8,14.5
1484,2021-10-05,"Winnipeg, MB",13.6,29.7,21.7
1485,2021-10-06,"Winnipeg, MB",14.7,28.3,21.5
1486,2021-10-07,"Winnipeg, MB",14.7,26.0,20.3
1487,2021-10-08,"Winnipeg, MB",9.5,17.7,13.6
1488,2021-10-09,"Winnipeg, MB",8.5,13.6,11.1
1489,2021-10-10,"Winnipeg, MB",10.3,12.8,11.6
1490,2021-10-11,"Winnipeg, MB",1.9,16.6,9.3
1491,2021-10-12,"Winnipeg, MB",-0.5,11.7,5.6
1492,2021-10-13,"Winnipeg, MB",3.7,11.8,7.8
1493,2021-10-14,"Winnipeg, MB",6.3,11.6,9.0
1494,2021-10-15,"Winnipeg, MB",2.5,10.0,6.3
1495,2021-10-16,"Winnipeg, MB",0.8,16.3,8.5
1496,2021-10-17,"Winnipeg, MB",0.3,19.2,9.8
1497,2021-10-18,"Winnipeg, MB",6.6,21.5,14.1
1498,2021-10-19,"Winnipeg, MB",-0.7,11.2,5.3
1499,2021-10-20,"Winnipeg, MB",-4.5,6.2,0.9
1500,2021-10-21,"Winnipeg, MB",-7.9,7.4,-0.2
1501,2021-10-22,"Winnipeg, MB",-5.6,5.4,-0.1
1502,2021-10-23,"Winnipeg, MB",-1.7,5.9,2.1
1503,2021-10-24,"Winnipeg, MB",-4.4,6.5,1.1
1504,2021-10-25,"Winnipeg, MB",-2.0,10.6,4.3
1505,2021-10-26,"Winnipeg, MB",4.9,11.8,8.3
1506,2021-10-27,"Winnipeg, MB",6.9,9.5,8.2
1507,2021-10-28,"Winnipeg, MB",-0.6,9.7,4.5
1508,2021-10-29,"Winnipeg, MB",-3.0,10.6,3.8
1509,2021-10-30,"Winnipeg, MB",-1.6,10.3,4.3
1510,2021-10-31,"Winnipeg, MB",0.4,4.6,2.5
1450,2021-11-01,"Winnipeg, MB",-4.3,4.7,0.2
1451,2021-11-02,"Winnipeg, MB",-2.9,4.3,0.7
1452,2021-11-03,"Winnipeg, MB",-7.5,7.4,0.0
1453,2021-11-04,"Winnipeg, MB",-4.7,10.6,3.0
1454,2021-11-05,"Winnipeg, MB",3.3,10.2,6.8
1455,2021-11-06,"Winnipeg, MB",1.9,16.1,9.0
1456,2021-11-07,"Winnipeg, MB",0.5,12.2,6.4
1457,2021-11-08,"Winnipeg, MB",-1.4,10.3,4.4
1458,2021-11-09,"Winnipeg, MB",-2.9,7.9,2.5
1459,2021-11-10,"Winnipeg, MB",-4.1,4.0,0.0
1460,2021-11-11,"Winnipeg, MB",-3.2,0.7,-1.3
1461,2021-11-12,"Winnipeg, MB",-5.6,-1.5,-3.6
1462,2021-11-13,"Winnipeg, MB",-10.7,-2.1,-6.4
1463,2021-11-14,"Winnipeg, MB",-13.1,-4.2,-8.7
1464,2021-11-15,"Winnipeg, MB",-5.7,-1.1,-3.4
1465,2021-11-16,"Winnipeg, MB",-1.2,2.6,0.7
1466,2021-11-17,"Winnipeg, MB",-5.5,1.3,-2.1
1467,2021-11-18,"Winnipeg, MB",-9.7,-3.0,-6.4
1468,2021-11-19,"Winnipeg, MB",-9.1,-0.9,-5.0
1469,2021-11-20,"Winnipeg, MB",-11.3,2.6,-4.3
1470,2021-11-21,"Winnipeg, MB",-18.4,2.6,-7.9
1471,2021-11-22,"Winnipeg, MB",-15.7,-5.5,-10.6
1472,2021-11-23,"Winnipeg, MB",-5.6,1.2,-2.2
1473,2021-11-24,"Winnipeg, MB",-20.8,-2.8,-11.8
1474,2021-11-25,"Winnipeg, MB",-23.7,-7.4,-15.5
1475,2021-11-26,"Winnipeg, MB",-7.6,-1.5,-4.6
1476,2021-11-27,"Winnipeg, MB",-8.9,1.7,-3.6
1477,2021-11-28,"Winnipeg, MB",-11.7,-2.0,-6.8
1478,2021-11-29,"Winnipeg, MB",-5.9,-0.2,-3.1
1479,2021-11-30,"Winnipeg, MB",-11.4,-0.4,-5.9
1419,2021-12-01,"Winnipeg, MB",M,M,M
1420,2021-12-02,"Winnipeg, MB",-8.6,-0.6,-4.6
1421,2021-12-03,"Winnipeg, MB",-7.0,-1.8,-4.4
1422,2021-12-04,"Winnipeg, MB",-16.0,-5.7,-10.9
1423,2021-12-05,"Winnipeg, MB",-20.0,-3.3,-11.6
1424,2021-12-06,"Winnipeg, MB",-26.5,-18.7,-22.6
1425,2021-12-07,"Winnipeg, MB",-21.4,-12.2,-16.8
1426,2021-12-08,"Winnipeg, MB",-24.4,-5.3,-14.8
1427,2021-12-09,"Winnipeg, MB",-6.5,-1.7,-4.1
1428,2021-12-10,"Winnipeg, MB",-12.7,-5.1,-8.9
1429,2021-12-11,"Winnipeg, MB",-14.8,-4.4,-9.6
1430,2021-12-12,"Winnipeg, MB",-5.1,3.0,-1.0
1431,2021-12-13,"Winnipeg, MB",-11.9,-0.6,-6.2
1432,2021-12-14,"Winnipeg, MB",-2.6,3.6,0.5
1433,2021-12-15,"Winnipeg, MB",-9.8,0.2,-4.8
1434,2021-12-16,"Winnipeg, MB",-16.4,-9.7,-13.1
1435,2021-12-17,"Winnipeg, MB",-16.2,-13.1,-14.6
1436,2021-12-18,"Winnipeg, MB",-22.3,-15.1,-18.7
1437,2021-12-19,"Winnipeg, MB",-16.1,-4.5,-10.3
1438,2021-12-20,"Winnipeg, MB",-19.8,-14.7,-17.2
1439,2021-12-21,"Winnipeg, MB",-23.0,-14.0,-18.5
1440,2021-12-22,"Winnipeg, MB",-16.5,-11.1,-13.8
1441,2021-12-23,"Winnipeg, MB",-12.6,-4.2,-8.4
1442,2021-12-24,"Winnipeg, MB",-22.4,-1.2,-11.8
1443,2021-12-25,"Winnipeg, MB",-26.1,-17.1,-21.6
1444,2021-12-26,"Winnipeg, MB",-23.2,-12.6,-17.9
1445,2021-12-27,"Winnipeg, MB",-27.3,-9.9,-18.6
1446,2021-12-28,"Winnipeg, MB",-30.8,-20.5,-25.7
1447,2021-12-29,"Winnipeg, MB",-35.3,-25.3,-30.3
1448,2021-12-30,"Winnipeg, MB",-33.5,-22.2,-27.9
1449,2021-12-31,"Winnipeg, MB",-34.8,-26.9,-30.9
1388,2022-01-01,"Winnipeg, MB",-35.6,-25.8,-30.7
1389,2022-01-02,"Winnipeg, MB",-33.5,-18.6,-26.0
1390,2022-01-03,"Winnipeg, MB",-26.8,-17.0,-21.9
1391,2022-01-04,"Winnipeg, MB",-20.6,-13.7,-17.2
1392,2022-01-05,"Winnipeg, MB",-26.8,-20.5,-23.6
1393,2022-01-06,"Winnipeg, MB",-30.2,-23.4,-26.8
1394,2022-01-07,"Winnipeg, MB",-32.2,-14.7,-23.5
1395,2022-01-08,"Winnipeg, MB",-23.1,-9.9,-16.5
1396,2022-01-09,"Winnipeg, MB",-29.3,-22.8,-26.0
1397,2022-01-10,"Winnipeg, MB",-32.6,-17.9,-25.3
1398,2022-01-11,"Winnipeg, MB",-18.5,-7.1,-12.8
1399,2022-01-12,"Winnipeg, MB",-14.6,-5.1,-9.8
1400,2022-01-13,"Winnipeg, MB",-19.8,-5.1,-12.5
1401,2022-01-14,"Winnipeg, MB",-23.5,-16.1,-19.8
1402,2022-01-15,"Winnipeg, MB",-22.4,-8.6,-15.5
1403,2022-01-16,"Winnipeg, MB",-10.0,-0.5,-5.3
1404,2022-01-17,"Winnipeg, MB",-15.5,-2.9,-9.2
1405,2022-01-18,"Winnipeg, MB",-20.7,-8.6,-14.6
1406,2022-01-19,"Winnipeg, MB",-31.0,-20.0,-25.5
1407,2022-01-20,"Winnipeg, MB",-32.6,-21.4,-27.0
1408,2022-01-21,"Winnipeg, MB",-21.4,-6.7,-14.1
1409,2022-01-22,"Winnipeg, MB",-30.3,-18.8,-24.6
1410,2022-01-23,"Winnipeg, MB",-31.0,-16.1,-23.5
1411,2022-01-24,"Winnipeg, MB",-34.6,-24.7,-29.6
1412,2022-01-25,"Winnipeg, MB",-35.5,-23.0,-29.2
1413,2022-01-26,"Winnipeg, MB",-25.2,-1.2,-13.2
1414,2022-01-27,"Winnipeg, MB",-23.5,-8.8,-16.1
1415,2022-01-28,"Winnipeg, MB",-23.2,-13.0,-18.1
1416,2022-01-29,"Winnipeg, MB",-20.9,-10.3,-15.6
1417,2022-01-30,"Winnipeg, MB",-23.7,-10.5,-17.1
1418,2022-01-31,"Winnipeg, MB",-15.9,-3.4,-9.7
1360,2022-02-01,"Winnipeg, MB",-26.4,-2.4,-14.4
1361,2022-02-02,"Winnipeg, MB",-30.4,-23.5,-26.9
1362,2022-02-03,"Winnipeg, MB",-33.2,-20.5,-26.8
1363,2022-02-04,"Winnipeg, MB",-30.9,-20.7,-25.8
1364,2022-02-05,"Winnipeg, MB",-22.5,-13.8,-18.1
1365,2022-02-06,"Winnipeg, MB",-23.5,-15.9,-19.7
1366,2022-02-07,"Winnipeg, MB",-19.1,-8.5,-13.8
1367,2022-02-08,"Winnipeg, MB",-9.3,2.4,-3.5
1368,2022-02-09,"Winnipeg, MB",-12.5,-1.6,-7.1
1369,2022-02-10,"Winnipeg, MB",-12.1,-1.6,-6.8
1370,2022-02-11,"Winnipeg, MB",-32.4,-10.5,-21.4
1371,2022-02-12,"Winnipeg, MB",-32.0,-19.2,-25.6
1372,2022-02-13,"Winnipeg, MB",-31.8,-18.3,-25.1
1373,2022-02-14,"Winnipeg, MB",-30.4,-17.0,-23.7
1374,2022-02-15,"Winnipeg, MB",-23.7,-11.7,-17.7
1375,2022-02-16,"Winnipeg, MB",-29.5,-12.2,-20.9
1376,2022-02-17,"Winnipeg, MB",-34.8,-21.6,-28.2
1377,2022-02-18,"Winnipeg, MB",-26.7,-17.3,-22.0
1378,2022-02-19,"Winnipeg, MB",-28.5,-4.0,-16.3
1379,2022-02-20,"Winnipeg, MB",-28.0,-8.4,-18.2
1380,2022-02-21,"Winnipeg, MB",-29.2,-24.3,-26.7
1381,2022-02-22,"Winnipeg, MB",-34.1,-22.4,-28.2
1382,2022-02-23,"Winnipeg, MB",-34.9,-20.2,-27.5
1383,2022-02-24,"Winnipeg, MB",-33.1,-17.5,-25.3
1384,2022-02-25,"Winnipeg, MB",-28.0,-13.6,-20.8
1385,2022-02-26,"Winnipeg, MB",-16.8,-6.1,-11.4
1386,2022-02-27,"Winnipeg, MB",-16.5,-11.4,-13.9
1387,2022-02-28,"Winnipeg, MB",-18.4,-10.0,-14.2
1329,2022-03-01,"Winnipeg, MB",-25.0,-9.4,-17.2
1330,2022-03-02,"Winnipeg, MB",-28.8,-11.3,-20.0
1331,2022-03-03,"Winnipeg, MB",-30.8,-12.8,-21.8
1332,2022-03-04,"Winnipeg, MB",-19.6,-6.1,-12.9
1333,2022-03-05,"Winnipeg, MB",-7.5,-4.3,-5.9
1334,2022-03-06,"Winnipeg, MB",-16.5,-7.2,-11.8
1335,2022-03-07,"Winnipeg, MB",-18.8,-3.5,-11.2
1336,2022-03-08,"Winnipeg, MB",-14.3,-2.7,-8.5
1337,2022-03-09,"Winnipeg, MB",-23.8,-14.3,-19.1
1338,2022-03-10,"Winnipeg, MB",-23.1,-9.2,-16.2
1339,2022-03-11,"Winnipeg, MB",-23.1,-15.9,-19.5
1340,2022-03-12,"Winnipeg, MB",-26.4,-6.1,-16.3
1341,2022-03-13,"Winnipeg, MB",-17.5,-7.2,-12.4
1342,2022-03-14,"Winnipeg, MB",-15.2,-3.6,-9.4
1343,2022-03-15,"Winnipeg, MB",-8.3,2.2,-3.1
1344,2022-03-16,"Winnipeg, MB",-5.5,1.1,-2.2
1345,2022-03-17,"Winnipeg, MB",-4.4,2.2,-1.1
1346,2022-03-18,"Winnipeg, MB",-5.7,2.2,-1.8
1347,2022-03-19,"Winnipeg, MB",-5.3,5.2,-0.1
1348,2022-03-20,"Winnipeg, MB",-6.0,7.8,0.9
1349,2022-03-21,"Winnipeg, MB",0.1,6.0,3.1
1350,2022-03-22,"Winnipeg, MB",-0.1,2.3,1.1
1351,2022-03-23,"Winnipeg, MB",-5.4,1.3,-2.0
1352,2022-03-24,"Winnipeg, MB",-6.9,4.2,-1.3
1353,2022-03-25,"Winnipeg, MB",-11.9,0.2,-5.9
1354,2022-03-26,"Winnipeg, MB",-17.5,-11.6,-14.6
1355,2022-03-27,"Winnipeg, MB",-20.0,-10.1,-15.0
1356,2022-03-28,"Winnipeg, MB",-11.6,1.3,-5.2
1357,2022-03-29,"Winnipeg, MB",-1.0,3.7,1.3
1358,2022-03-30,"Winnipeg, MB",-8.8,-0.1,-4.5
1359,2022-03-31,"Winnipeg, MB",-12.9,-1.2,-7.0
1299,2022-04-01,"Winnipeg, MB",-2.9,7.0,2.1
1300,2022-04-02,"Winnipeg, MB",-4.4,0.5,-1.9
1301,2022-04-03,"Winnipeg, MB",-5.3,1.7,-1.8
1302,2022-04-04,"Winnipeg, MB",-2.2,7.2,2.5
1303,2022-04-05,"Winnipeg, MB",1.1,3.3,2.2
1304,2022-04-06,"Winnipeg, MB",0.4,1.6,1.0
1305,2022-04-07,"Winnipeg, MB",-1.6,4.3,1.3
1306,2022-04-08,"Winnipeg, MB",-2.8,5.1,1.2
1307,2022-04-09,"Winnipeg, MB",-3.3,8.5,2.6
1308,2022-04-10,"Winnipeg, MB",-0.1,10.0,5.0
1309,2022-04-11,"Winnipeg, MB",-4.1,5.6,0.8
1310,2022-04-12,"Winnipeg, MB",-6.2,0.1,-3.0
1311,2022-04-13,"Winnipeg, MB",-2.1,0.9,-0.6
1312,2022-04-14,"Winnipeg, MB",-8.8,-1.8,-5.3
1313,2022-04-15,"Winnipeg, MB",-10.7,-5.0,-7.9
1314,2022-04-16,"Winnipeg, MB",-13.2,-2.6,-7.9
1315,2022-04-17,"Winnipeg, MB",-13.7,-2.4,-8.0
1316,2022-04-18,"Winnipeg, MB",-10.2,-0.5,-5.3
1317,2022-04-19,"Winnipeg, MB",-11.8,3.9,-4.0
1318,2022-04-20,"Winnipeg, MB",0.7,5.5,3.1
1319,2022-04-21,"Winnipeg, MB",-0.1,4.0,2.0
1320,2022-04-22,"Winnipeg, MB",0.6,3.9,2.3
1321,2022-04-23,"Winnipeg, MB",1.6,2.9,2.3
1322,2022-04-24,"Winnipeg, MB",-4.1,1.7,-1.2
1323,2022-04-25,"Winnipeg, MB",-7.0,-3.8,-5.4
1324,2022-04-26,"Winnipeg, MB",-8.9,1.6,-3.7
1325,2022-04-27,"Winnipeg, MB",-2.7,8.9,3.1
1326,2022-04-28,"Winnipeg, MB",-0.1,8.5,4.2
1327,2022-04-29,"Winnipeg, MB",0.0,12.3,6.1
1328,2022-04-30,"Winnipeg, MB",3.4,5.3,4.4
1268,2022-05-01,"Winnipeg, MB",0.6,4.0,2.3
1269,2022-05-02,"Winnipeg, MB",-0.4,7.4,3.5
1270,2022-05-03,"Winnipeg, MB",-2.4,10.3,3.9
1271,2022-05-04,"Winnipeg, MB",1.6,16.7,9.2
1272,2022-05-05,"Winnipeg, MB",5.7,19.1,12.4
1273,2022-05-06,"Winnipeg, MB",6.0,21.7,13.9
1274,2022-05-07,"Winnipeg, MB",13.4,23.1,18.2
1275,2022-05-08,"Winnipeg, MB",11.3,20.0,15.7
1276,2022-05-09,"Winnipeg, MB",8.7,13.8,11.2
1277,2022-05-10,"Winnipeg, MB",8.6,20.9,14.7
1278,2022-05-11,"Winnipeg, MB",3.8,19.8,11.8
1279,2022-05-12,"Winnipeg, MB",7.7,19.6,13.7
1280,2022-05-13,"Winnipeg, MB",10.1,15.1,12.6
1281,2022-05-14,"Winnipeg, MB",7.3,11.5,9.4
1282,2022-05-15,"Winnipeg, MB",3.2,13.9,8.5
1283,2022-05-16,"Winnipeg, MB",-0.3,13.8,6.8
1284,2022-05-17,"Winnipeg, MB",4.6,13.5,9.1
1285,2022-05-18,"Winnipeg, MB",4.3,12.1,8.2
1286,2022-05-19,"Winnipeg, MB",4.2,14.7,9.5
1287,2022-05-20,"Winnipeg, MB",2.2,8.2,5.2
1288,2022-05-21,"Winnipeg, MB",1.8,10.3,6.0
1289,2022-05-22,"Winnipeg, MB",-0.5,16.2,7.8
1290,2022-05-23,"Winnipeg, MB",3.4,18.9,11.2
1291,2022-05-24,"Winnipeg, MB",8.4,23.0,15.7
1292,2022-05-25,"Winnipeg, MB",9.7,22.1,15.9
1293,2022-05-26,"Winnipeg, MB",8.7,22.6,15.7
1294,2022-05-27,"Winnipeg, MB",6.6,24.9,15.8
1295,2022-05-28,"Winnipeg, MB",13.5,25.0,19.2
1296,2022-05-29,"Winnipeg, MB",12.4,18.8,15.6
1297,2022-05-30,"Winnipeg, MB",13.0,15.4,14.2
1298,2022-05-31,"Winnipeg, MB",6.0,13.9,9.9
1238,2022-06-01,"Winnipeg, MB",7.1,19.2,13.1
1239,2022-06-02,"Winnipeg, MB",4.1,10.6,7.3
1240,2022-06-03,"Winnipeg, MB",2.9,20.3,11.6
1241,2022-06-04,"Winnipeg, MB",2.2,18.9,10.5
1242,2022-06-05,"Winnipeg, MB",7.5,15.9,11.7
1243,2022-06-06,"Winnipeg, MB",6.4,21.0,13.7
1244,2022-06-07,"Winnipeg, MB",5.6,21.8,13.7
1245,2022-06-08,"Winnipeg, MB",5.0,23.6,14.3
1246,2022-06-09,"Winnipeg, MB",4.9,24.5,14.7
1247,2022-06-10,"Winnipeg, MB",12.8,25.6,19.2
1248,2022-06-11,"Winnipeg, MB",16.0,27.3,21.6
1249,2022-06-12,"Winnipeg, MB",14.6,20.3,17.5
1250,2022-06-13,"Winnipeg, MB",12.4,27.0,19.7
1251,2022-06-14,"Winnipeg, MB",13.8,23.3,18.6
1252,2022-06-15,"Winnipeg, MB",12.1,23.7,17.9
1253,2022-06-16,"Winnipeg, MB",12.4,22.3,17.3
1254,2022-06-17,"Winnipeg, MB",10.2,25.0,17.6
1255,2022-06-18,"Winnipeg, MB",16.0,28.3,22.1
1256,2022-06-19,"Winnipeg, MB",22.0,37.0,29.5
1257,2022-06-20,"Winnipeg, MB",18.1,30.6,24.3
1258,2022-06-21,"Winnipeg, MB",12.2,20.5,16.3
1259,2022-06-22,"Winnipeg, MB",9.9,27.2,18.5
1260,2022-06-23,"Winnipeg, MB",19.5,31.3,25.4
1261,2022-06-24,"Winnipeg, MB",16.1,28.7,22.4
1262,2022-06-25,"Winnipeg, MB",11.5,20.5,16.0
1263,2022-06-26,"Winnipeg, MB",10.9,20.8,15.9
1264,2022-06-27,"Winnipeg, MB",14.0,28.2,21.1
1265,2022-06-28,"Winnipeg, MB",12.3,20.1,16.2
1266,2022-06-29,"Winnipeg, MB",10.5,24.5,17.5
1267,2022-06-30,"Winnipeg, MB",13.2,20.7,17.0
1207,2022-07-01,"Winnipeg, MB",8.3,21.6,14.9
1208,2022-07-02,"Winnipeg, MB",11.3,22.5,16.9
1209,2022-07-03,"Winnipeg, MB",13.8,27.2,20.5
1210,2022-07-04,"Winnipeg, MB",16.3,20.1,18.2
1211,2022-07-05,"Winnipeg, MB",16.2,25.9,21.1
1212,2022-07-06,"Winnipeg, MB",15.9,27.3,21.6
1213,2022-07-07,"Winnipeg, MB",14.1,23.4,18.8
1214,2022-07-08,"Winnipeg, MB",12.8,26.9,19.8
1215,2022-07-09,"Winnipeg, MB",16.2,29.7,23.0
1216,2022-07-10,"Winnipeg, MB",18.5,25.8,22.1
1217,2022-07-11,"Winnipeg, MB",16.6,25.6,21.1
1218,2022-07-12,"Winnipeg, MB",14.3,25.1,19.7
1219,2022-07-13,"Winnipeg, MB",13.6,27.5,20.6
1220,2022-07-14,"Winnipeg, MB",17.8,23.2,20.5
1221,2022-07-15,"Winnipeg, MB",15.1,29.4,22.2
1222,2022-07-16,"Winnipeg, MB",19.2,27.2,23.2
1223,2022-07-17,"Winnipeg, MB",19.8,32.0,25.9
1224,2022-07-18,"Winnipeg, MB",20.3,30.1,25.2
1225,2022-07-19,"Winnipeg, MB",18.6,25.5,22.0
1226,2022-07-20,"Winnipeg, MB",13.4,27.1,20.2
1227,2022-07-21,"Winnipeg, MB",13.9,26.5,20.2
1228,2022-07-22,"Winnipeg, MB",15.1,25.0,20.0
1229,2022-07-23,"Winnipeg, MB",13.4,23.7,18.5
1230,2022-07-24,"Winnipeg, MB",11.9,20.7,16.3
1231,2022-07-25,"Winnipeg, MB",11.5,25.5,18.5
1232,2022-07-26,"Winnipeg, MB",13.3,24.5,18.9
1233,2022-07-27,"Winnipeg, MB",11.4,19.6,15.5
1234,2022-07-28,"Winnipeg, MB",11.2,22.5,16.8
1235,2022-07-29,"Winnipeg, MB",9.2,25.7,17.5
1236,2022-07-30,"Winnipeg, MB",13.9,28.8,21.3
1237,2022-07-31,"Winnipeg, MB",11.9,23.2,17.6
1176,2022-08-01,"Winnipeg, MB",11.0,24.3,17.6
1177,2022-08-02,"Winnipeg, MB",13.7,27.8,20.7
1178,2022-08-03,"Winnipeg, MB",11.5,22.2,16.9
1179,2022-08-04,"Winnipeg, MB",11.3,26.2,18.7
1180,2022-08-05,"Winnipeg, MB",16.9,27.9,22.4
1181,2022-08-06,"Winnipeg, MB",9.3,19.3,14.3
1182,2022-08-07,"Winnipeg, MB",5.9,20.5,13.2
1183,2022-08-08,"Winnipeg, MB",12.0,28.2,20.1
1184,2022-08-09,"Winnipeg, MB",13.0,23.6,18.3
1185,2022-08-10,"Winnipeg, MB",9.4,22.8,16.1
1186,2022-08-11,"Winnipeg, MB",6.8,24.7,15.7
1187,2022-08-12,"Winnipeg, MB",16.0,26.7,21.3
1188,2022-08-13,"Winnipeg, MB",14.4,27.9,21.1
1189,2022-08-14,"Winnipeg, MB",14.2,27.6,20.9
1190,2022-08-15,"Winnipeg, MB",16.9,25.4,21.1
1191,2022-08-16,"Winnipeg, MB",13.6,27.0,20.3
1192,2022-08-17,"Winnipeg, MB",17.2,29.0,23.1
1193,2022-08-18,"Winnipeg, MB",17.1,22.6,19.9
1194,2022-08-19,"Winnipeg, MB",13.9,25.1,19.5
1195,2022-08-20,"Winnipeg, MB",11.7,25.8,18.7
1196,2022-08-21,"Winnipeg, MB",11.7,28.4,20.1
1197,2022-08-22,"Winnipeg, MB",15.1,27.0,21.0
1198,2022-08-23,"Winnipeg, MB",13.9,23.8,18.9
1199,2022-08-24,"Winnipeg, MB",11.5,22.2,16.9
1200,2022-08-25,"Winnipeg, MB",6.0,23.3,14.7
1201,2022-08-26,"Winnipeg, MB",14.5,27.5,21.0
1202,2022-08-27,"Winnipeg, MB",13.6,23.8,18.7
1203,2022-08-28,"Winnipeg, MB",16.7,27.5,22.1
1204,2022-08-29,"Winnipeg, MB",12.9,22.0,17.4
1205,2022-08-30,"Winnipeg, MB",11.0,26.2,18.6
1206,2022-08-31,"Winnipeg, MB",11.7,29.6,20.7
1146,2022-09-01,"Winnipeg, MB",15.3,32.7,24.0
1147,2022-09-02,"Winnipeg, MB",8.0,24.1,16.1
1148,2022-09-03,"Winnipeg, MB",5.6,23.0,14.3
1149,2022-09-04,"Winnipeg, MB",11.3,25.0,18.2
1150,2022-09-05,"Winnipeg, MB",13.6,26.8,20.2
1151,2022-09-06,"Winnipeg, MB",12.7,25.2,18.9
1152,2022-09-07,"Winnipeg, MB",6.0,27.6,16.8
1153,2022-09-08,"Winnipeg, MB",11.0,23.0,17.0
1154,2022-09-09,"Winnipeg, MB",6.7,19.7,13.2
1155,2022-09-10,"Winnipeg, MB",4.4,17.6,11.0
1156,2022-09-11,"Winnipeg, MB",3.5,26.4,14.9
1157,2022-09-12,"Winnipeg, MB",7.3,30.1,18.7
1158,2022-09-13,"Winnipeg, MB",3.3,17.7,10.5
1159,2022-09-14,"Winnipeg, MB",7.1,19.0,13.0
1160,2022-09-15,"Winnipeg, MB",11.8,16.9,14.3
1161,2022-09-16,"Winnipeg, MB",11.8,13.2,12.5
1162,2022-09-17,"Winnipeg, MB",12.9,16.2,14.6
1163,2022-09-18,"Winnipeg, MB",9.3,21.9,15.6
1164,2022-09-19,"Winnipeg, MB",7.7,23.3,15.5
1165,2022-09-20,"Winnipeg, MB",10.8,19.6,15.2
1166,2022-09-21,"Winnipeg, MB",2.6,14.4,8.5
1167,2022-09-22,"Winnipeg, MB",-0.1,15.6,7.7
1168,2022-09-23,"Winnipeg, MB",7.0,14.6,10.8
1169,2022-09-24,"Winnipeg, MB",8.1,17.6,12.8
1170,2022-09-25,"Winnipeg, MB",3.7,16.8,10.3
1171,2022-09-26,"Winnipeg, MB",1.2,15.9,8.6
1172,2022-09-27,"Winnipeg, MB",M,M,M
1173,2022-09-28,"Winnipeg, MB",0.8,19.0,9.9
1174,2022-09-29,"Winnipeg, MB",8.2,21.7,15.0
1175,2022-09-30,"Winnipeg, MB",5.4,21.2,13.3
1115,2022-10-01,"Winnipeg, MB",6.9,12.5,9.7
1116,2022-10-02,"Winnipeg, MB",4.2,21.4,12.8
1117,2022-10-03,"Winnipeg, MB",11.6,20.5,16.0
1118,2022-10-04,"Winnipeg, MB",8.7,20.9,14.8
1119,2022-10-05,"Winnipeg, MB",2.3,19.9,11.1
1120,2022-10-06,"Winnipeg, MB",-6.4,5.5,-0.4
1121,2022-10-07,"Winnipeg, MB",-6.9,11.3,2.2
1122,2022-10-08,"Winnipeg, MB",0.3,17.6,8.9
1123,2022-10-09,"Winnipeg, MB",0.7,13.2,7.0
1124,2022-10-10,"Winnipeg, MB",1.1,20.6,10.8
1125,2022-10-11,"Winnipeg, MB",6.6,20.6,13.6
1126,2022-10-12,"Winnipeg, MB",2.3,8.2,5.3
1127,2022-10-13,"Winnipeg, MB",0.3,2.6,1.4
1128,2022-10-14,"Winnipeg, MB",0.4,5.4,2.9
1129,2022-10-15,"Winnipeg, MB",1.8,7.0,4.4
1130,2022-10-16,"Winnipeg, MB",-4.8,4.2,-0.3
1131,2022-10-17,"Winnipeg, MB",-10.3,2.3,-4.0
1132,2022-10-18,"Winnipeg, MB",-9.5,4.5,-2.5
1133,2022-10-19,"Winnipeg, MB",-1.7,12.3,5.3
1134,2022-10-20,"Winnipeg, MB",-3.6,16.3,6.4
1135,2022-10-21,"Winnipeg, MB",3.4,15.8,9.6
1136,2022-10-22,"Winnipeg, MB",2.0,9.3,5.7
1137,2022-10-23,"Winnipeg, MB",6.2,12.9,9.5
1138,2022-10-24,"Winnipeg, MB",1.3,14.7,8.0
1139,2022-10-25,"Winnipeg, MB",0.2,3.9,2.1
1140,2022-10-26,"Winnipeg, MB",-1.0,1.9,0.5
1141,2022-10-27,"Winnipeg, MB",-1.4,14.0,6.3
1142,2022-10-28,"Winnipeg, MB",3.9,14.7,9.3
1143,2022-10-29,"Winnipeg, MB",3.6,14.5,9.1
1144,2022-10-30,"Winnipeg, MB",-1.9,13.2,5.7
1145,2022-10-31,"Winnipeg, MB",4.0,10.9,7.4
1085,2022-11-01,"Winnipeg, MB",-0.1,13.7,6.8
1086,2022-11-02,"Winnipeg, MB",2.8,18.4,10.6
1087,2022-11-03,"Winnipeg, MB",-3.5,5.5,1.0
1088,2022-11-04,"Winnipeg, MB",-7.9,3.9,-2.0
1089,2022-11-05,"Winnipeg, MB",-2.3,7.0,2.3
1090,2022-11-06,"Winnipeg, MB",-1.1,3.6,1.3
1091,2022-11-07,"Winnipeg, MB",-4.3,-1.0,-2.7
1092,2022-11-08,"Winnipeg, MB",-1.7,3.4,0.8
1093,2022-11-09,"Winnipeg, MB",-7.3,1.2,-3.0
1094,2022-11-10,"Winnipeg, MB",-9.3,-3.9,-6.6
1095,2022-11-11,"Winnipeg, MB",-9.9,-5.4,-7.7
1096,2022-11-12,"Winnipeg, MB",-11.0,-7.3,-9.1
1097,2022-11-13,"Winnipeg, MB",-9.7,-5.6,-7.7
1098,2022-11-14,"Winnipeg, MB",-11.3,-4.1,-7.7
1099,2022-11-15,"Winnipeg, MB",-12.8,-3.5,-8.1
1100,2022-11-16,"Winnipeg, MB",-15.6,-5.6,-10.6
1101,2022-11-17,"Winnipeg, MB",-15.0,-4.7,-9.9
1102,2022-11-18,"Winnipeg, MB",-16.5,-6.6,-11.5
1103,2022-11-19,"Winnipeg, MB",-17.6,-10.1,-13.8
1104,2022-11-20,"Winnipeg, MB",-11.0,-6.0,-8.5
1105,2022-11-21,"Winnipeg, MB",-10.7,-2.5,-6.6
1106,2022-11-22,"Winnipeg, MB",-7.5,-0.6,-4.1
1107,2022-11-23,"Winnipeg, MB",-8.1,-0.3,-4.2
1108,2022-11-24,"Winnipeg, MB",-7.6,1.0,-3.3
1109,2022-11-25,"Winnipeg, MB",-6.8,4.4,-1.2
1110,2022-11-26,"Winnipeg, MB",-3.4,4.4,0.5
1111,2022-11-27,"Winnipeg, MB",-10.3,-0.7,-5.5
1112,2022-11-28,"Winnipeg, MB",-6.1,0.5,-2.8
1113,2022-11-29,"Winnipeg, MB",-10.9,-4.0,-7.4
1114,2022-11-30,"Winnipeg, MB",-19.3,-10.9,-15.1
1054,2022-12-01,"Winnipeg, MB",-18.5,-7.6,-13.0
1055,2022-12-02,"Winnipeg, MB",-22.6,-8.5,-15.6
1056,2022-12-03,"Winnipeg, MB",-22.9,-13.8,-18.3
1057,2022-12-04,"Winnipeg, MB",-16.3,-4.0,-10.2
1058,2022-12-05,"Winnipeg, MB",-28.0,-5.8,-16.9
1059,2022-12-06,"Winnipeg, MB",-31.4,-18.4,-24.9
1060,2022-12-07,"Winnipeg, MB",-33.4,-18.5,-26.0
1061,2022-12-08,"Winnipeg, MB",-18.9,-10.8,-14.8
1062,2022-12-09,"Winnipeg, MB",-14.1,-1.6,-7.8
1063,2022-12-10,"Winnipeg, MB",-1.9,-0.4,-1.2
1064,2022-12-11,"Winnipeg, MB",-1.9,0.5,-0.7
1065,2022-12-12,"Winnipeg, MB",-2.7,-0.6,-1.7
1066,2022-12-13,"Winnipeg, MB",-1.3,0.0,-0.7
1067,2022-12-14,"Winnipeg, MB",-1.6,0.6,-0.5
1068,2022-12-15,"Winnipeg, MB",-4.3,0.3,-2.0
1069,2022-12-16,"Winnipeg, MB",-10.0,-4.3,-7.2
1070,2022-12-17,"Winnipeg, MB",-16.6,-10.0,-13.3
1071,2022-12-18,"Winnipeg, MB",-25.7,-16.0,-20.8
1072,2022-12-19,"Winnipeg, MB",-24.3,-17.1,-20.7
1073,2022-12-20,"Winnipeg, MB",-30.7,-18.9,-24.8
1074,2022-12-21,"Winnipeg, MB",-31.7,-22.3,-27.0
1075,2022-12-22,"Winnipeg, MB",-25.5,-20.5,-23.0
1076,2022-12-23,"Winnipeg, MB",-25.1,-21.3,-23.2
1077,2022-12-24,"Winnipeg, MB",-27.1,-21.0,-24.1
1078,2022-12-25,"Winnipeg, MB",-26.8,-16.8,-21.8
1079,2022-12-26,"Winnipeg, MB",-22.9,-12.3,-17.6
1080,2022-12-27,"Winnipeg, MB",-14.9,-8.7,-11.8
1081,2022-12-28,"Winnipeg, MB",-8.9,-4.8,-6.9
1082,2022-12-29,"Winnipeg, MB",-14.3,-5.5,-9.9
1083,2022-12-30,"Winnipeg, MB",-16.3,-8.9,-12.6
1084,2022-12-31,"Winnipeg, MB",-9.0,-7.2,-8.1
1023,2023-01-01,"Winnipeg, MB",-8.4,-7.2,-7.8
1024,2023-01-02,"Winnipeg, MB",-16.2,-7.8,-12.0
1025,2023-01-03,"Winnipeg, MB",-18.3,-10.1,-14.2
1026,2023-01-04,"Winnipeg, MB",-19.5,-13.8,-16.7
1027,2023-01-05,"Winnipeg, MB",-19.8,-11.6,-15.7
1028,2023-01-06,"Winnipeg, MB",-20.2,-12.9,-16.5
1029,2023-01-07,"Winnipeg, MB",-19.6,-12.0,-15.8
1030,2023-01-08,"Winnipeg, MB",-16.0,-7.0,-11.5
1031,2023-01-09,"Winnipeg, MB",-18.4,-6.3,-12.3
1032,2023-01-10,"Winnipeg, MB",-11.5,-5.4,-8.5
1033,2023-01-11,"Winnipeg, MB",-11.1,-7.5,-9.3
1034,2023-01-12,"Winnipeg, MB",-13.7,-9.3,-11.5
1035,2023-01-13,"Winnipeg, MB",-16.6,-12.2,-14.4
1036,2023-01-14,"Winnipeg, MB",-12.3,-4.5,-8.4
1037,2023-01-15,"Winnipeg, MB",-5.0,-2.9,-4.0
1038,2023-01-16,"Winnipeg, MB",-9.9,-4.1,-7.0
1039,2023-01-17,"Winnipeg, MB",-13.8,-9.7,-11.7
1040,2023-01-18,"Winnipeg, MB",-11.3,-6.6,-8.9
1041,2023-01-19,"Winnipeg, MB",-19.9,-8.0,-13.9
1042,2023-01-20,"Winnipeg, MB",-18.6,-5.0,-11.8
1043,2023-01-21,"Winnipeg, MB",-16.8,-7.4,-12.1
1044,2023-01-22,"Winnipeg, MB",-18.8,-8.0,-13.4
1045,2023-01-23,"Winnipeg, MB",-12.7,-1.0,-6.9
1046,2023-01-24,"Winnipeg, MB",-17.4,-9.9,-13.7
1047,2023-01-25,"Winnipeg, MB",-24.2,-12.2,-18.2
1048,2023-01-26,"Winnipeg, MB",-12.6,-6.4,-9.5
1049,2023-01-27,"Winnipeg, MB",-28.7,-8.2,-18.4
1050,2023-01-28,"Winnipeg, MB",-32.8,-22.4,-27.6
1051,2023-01-29,"Winnipeg, MB",-31.7,-23.3,-27.5
1052,2023-01-30,"Winnipeg, MB",-31.5,-19.3,-25.4
1053,2023-01-31,"Winnipeg, MB",-31.5,-21.3,-26.4
995,2023-02-01,"Winnipeg, MB",-29.1,-13.9,-21.5
996,2023-02-02,"Winnipeg, MB",-32.1,-16.5,-24.3
997,2023-02-03,"Winnipeg, MB",-31.8,-17.9,-24.8
998,2023-02-04,"Winnipeg, MB",-19.3,-12.3,-15.8
999,2023-02-05,"Winnipeg, MB",-19.3,-7.3,-13.3
1000,2023-02-06,"Winnipeg, MB",-8.3,1.4,-3.4
1001,2023-02-07,"Winnipeg, MB",-15.5,-2.0,-8.8
1002,2023-02-08,"Winnipeg, MB",-5.5,1.0,-2.3
1003,2023-02-09,"Winnipeg, MB",-17.5,-0.4,-8.9
1004,2023-02-10,"Winnipeg, MB",-17.0,-5.4,-11.2
1005,2023-02-11,"Winnipeg, MB",-7.6,1.5,-3.1
1006,2023-02-12,"Winnipeg, MB",-7.6,1.2,-3.2
1007,2023-02-13,"Winnipeg, MB",-10.1,2.8,-3.6
1008,2023-02-14,"Winnipeg, MB",-15.3,1.3,-7.0
1009,2023-02-15,"Winnipeg, MB",-21.8,-15.3,-18.5
1010,2023-02-16,"Winnipeg, MB",-26.8,-14.4,-20.6
1011,2023-02-17,"Winnipeg, MB",-18.0,-3.5,-10.7
1012,2023-02-18,"Winnipeg, MB",-10.7,-3.0,-6.9
1013,2023-02-19,"Winnipeg, MB",-23.0,-10.7,-16.9
1014,2023-02-20,"Winnipeg, MB",-25.9,-15.2,-20.6
1015,2023-02-21,"Winnipeg, MB",-29.0,-16.5,-22.8
1016,2023-02-22,"Winnipeg, MB",-33.4,-21.6,-27.5
1017,2023-02-23,"Winnipeg, MB",-25.8,-19.5,-22.6
1018,2023-02-24,"Winnipeg, MB",-26.3,-17.2,-21.8
1019,2023-02-25,"Winnipeg, MB",-22.2,-17.0,-19.6
1020,2023-02-26,"Winnipeg, MB",-21.8,-4.7,-13.2
1021,2023-02-27,"Winnipeg, MB",-11.1,0.0,-5.6
1022,2023-02-28,"Winnipeg, MB",-18.7,-8.8,-13.7
964,2023-03-01,"Winnipeg, MB",-24.0,-14.3,-19.1
965,2023-03-02,"Winnipeg, MB",-25.6,-9.4,-17.5
966,2023-03-03,"Winnipeg, MB",-11.6,-2.7,-7.1
967,2023-03-04,"Winnipeg, MB",-13.1,-1.1,-7.1
968,2023-03-05,"Winnipeg, MB",-18.3,-5.5,-11.9
969,2023-03-06,"Winnipeg, MB",-22.3,-12.5,-17.4
970,2023-03-07,"Winnipeg, MB",-24.3,-12.1,-18.2
971,2023-03-08,"Winnipeg, MB",-14.8,-5.3,-10.1
972,2023-03-09,"Winnipeg, MB",-8.6,-6.0,-7.3
973,2023-03-10,"Winnipeg, MB",-7.0,-0.8,-3.9
974,2023-03-11,"Winnipeg, MB",-8.1,-4.4,-6.3
975,2023-03-12,"Winnipeg, MB",-16.7,-5.3,-11.0
976,2023-03-13,"Winnipeg, MB",-23.3,-6.5,-14.9
977,2023-03-14,"Winnipeg, MB",-10.9,-3.1,-7.0
978,2023-03-15,"Winnipeg, MB",-8.6,-2.6,-5.6
979,2023-03-16,"Winnipeg, MB",-17.2,-5.8,-11.5
980,2023-03-17,"Winnipeg, MB",-19.7,-9.8,-14.7
981,2023-03-18,"Winnipeg, MB",-22.4,-6.9,-14.6
982,2023-03-19,"Winnipeg, MB",-15.9,-3.2,-9.6
983,2023-03-20,"Winnipeg, MB",-18.6,-7.9,-13.2
984,2023-03-21,"Winnipeg, MB",-17.3,-1.9,-9.6
985,2023-03-22,"Winnipeg, MB",-14.2,-3.4,-8.8
986,2023-03-23,"Winnipeg, MB",-15.8,-4.1,-10.0
987,2023-03-24,"Winnipeg, MB",-11.0,-0.8,-5.9
988,2023-03-25,"Winnipeg, MB",-14.1,-2.7,-8.4
989,2023-03-26,"Winnipeg, MB",-18.4,-3.1,-10.8
990,2023-03-27,"Winnipeg, MB",-21.2,-10.0,-15.6
991,2023-03-28,"Winnipeg, MB",-18.5,-8.1,-13.3
992,2023-03-29,"Winnipeg, MB",-18.2,-3.3,-10.8
993,2023-03-30,"Winnipeg, MB",-12.8,-1.9,-7.3
994,2023-03-31,"Winnipeg, MB",-13.0,-1.7,-7.3
934,2023-04-01,"Winnipeg, MB",-15.9,-0.5,-8.2
935,2023-04-02,"Winnipeg, MB",-6.0,2.9,-1.6
936,2023-04-03,"Winnipeg, MB",-10.9,-2.5,-6.7
937,2023-04-04,"Winnipeg, MB",-11.6,-1.8,-6.7
938,2023-04-05,"Winnipeg, MB",-7.9,-5.2,-6.5
939,2023-04-06,"Winnipeg, MB",-10.5,-2.3,-6.4
940,2023-04-07,"Winnipeg, MB",-13.7,0.9,-6.4
941,2023-04-08,"Winnipeg, MB",-7.3,8.2,0.4
942,2023-04-09,"Winnipeg, MB",-2.9,8.0,2.6
943,2023-04-10,"Winnipeg, MB",-1.1,8.6,3.7
944,2023-04-11,"Winnipeg, MB",-0.7,13.9,6.6
945,2023-04-12,"Winnipeg, MB",0.3,14.3,7.3
946,2023-04-13,"Winnipeg, MB",2.6,8.3,5.4
947,2023-04-14,"Winnipeg, MB",1.4,5.0,3.2
948,2023-04-15,"Winnipeg, MB",-0.3,1.6,0.7
949,2023-04-16,"Winnipeg, MB",-1.2,9.3,4.0
950,2023-04-17,"Winnipeg, MB",-2.7,7.8,2.6
951,2023-04-18,"Winnipeg, MB",-3.3,8.9,2.8
952,2023-04-19,"Winnipeg, MB",0.1,4.7,2.4
953,2023-04-20,"Winnipeg, MB",0.0,3.6,1.8
954,2023-04-21,"Winnipeg, MB",-1.5,6.8,2.7
955,2023-04-22,"Winnipeg, MB",-3.9,4.5,0.3
956,2023-04-23,"Winnipeg, MB",-5.8,5.1,-0.4
957,2023-04-24,"Winnipeg, MB",-4.3,6.6,1.2
958,2023-04-25,"Winnipeg, MB",-5.5,10.4,2.5
959,2023-04-26,"Winnipeg, MB",-1.9,8.2,3.2
960,2023-04-27,"Winnipeg, MB",-0.9,11.6,5.4
961,2023-04-28,"Winnipeg, MB",2.1,11.3,6.7
962,2023-04-29,"Winnipeg, MB",-1.2,12.0,5.4
963,2023-04-30,"Winnipeg, MB",-1.9,13.6,5.8
903,2023-05-01,"Winnipeg, MB",-1.9,12.5,5.3
904,2023-05-02,"Winnipeg, MB",-4.1,17.6,6.8
905,2023-05-03,"Winnipeg, MB",2.5,22.5,12.5
906,2023-05-04,"Winnipeg, MB",-0.2,19.9,9.9
907,2023-05-05,"Winnipeg, MB",4.7,19.9,12.3
908,2023-05-06,"Winnipeg, MB",4.4,18.1,11.3
909,2023-05-07,"Winnipeg, MB",6.0,16.5,11.3
910,2023-05-08,"Winnipeg, MB",9.7,12.2,10.9
911,2023-05-09,"Winnipeg, MB",6.7,21.0,13.9
912,2023-05-10,"Winnipeg, MB",9.5,26.9,18.2
913,2023-05-11,"Winnipeg, MB",6.2,24.5,15.3
914,2023-05-12,"Winnipeg, MB",9.1,25.7,17.4
915,2023-05-13,"Winnipeg, MB",9.9,23.6,16.8
916,2023-05-14,"Winnipeg, MB",4.1,25.8,14.9
917,2023-05-15,"Winnipeg, MB",8.7,29.1,18.9
918,2023-05-16,"Winnipeg, MB",10.4,23.1,16.7
919,2023-05-17,"Winnipeg, MB",9.4,25.5,17.4
920,2023-05-18,"Winnipeg, MB",3.5,9.9,6.7
921,2023-05-19,"Winnipeg, MB",1.5,21.9,11.7
922,2023-05-20,"Winnipeg, MB",9.8,26.2,18.0
923,2023-05-21,"Winnipeg, MB",7.1,20.4,13.7
924,2023-05-22,"Winnipeg, MB",5.9,26.4,16.1
925,2023-05-23,"Winnipeg, MB",11.7,25.1,18.4
926,2023-05-24,"Winnipeg, MB",11.5,19.4,15.5
927,2023-05-25,"Winnipeg, MB",11.1,30.8,21.0
928,2023-05-26,"Winnipeg, MB",18.4,32.4,25.4
929,2023-05-27,"Winnipeg, MB",17.4,31.8,24.6
930,2023-05-28,"Winnipeg, MB",15.6,31.3,23.5
931,2023-05-29,"Winnipeg, MB",17.4,30.6,24.0
932,2023-05-30,"Winnipeg, MB",13.8,27.3,20.5
933,2023-05-31,"Winnipeg, MB",10.9,28.7,19.8
873,2023-06-01,"Winnipeg, MB",15.9,29.1,22.5
874,2023-06-02,"Winnipeg, MB",16.6,32.9,24.7
875,2023-06-03,"Winnipeg, MB",18.7,33.2,26.0
876,2023-06-04,"Winnipeg, MB",20.1,31.9,26.0
877,2023-06-05,"Winnipeg, MB",18.2,31.3,24.7
878,2023-06-06,"Winnipeg, MB",19.3,32.0,25.7
879,2023-06-07,"Winnipeg, MB",17.7,25.1,21.4
880,2023-06-08,"Winnipeg, MB",15.8,26.6,21.2
881,2023-06-09,"Winnipeg, MB",15.7,26.5,21.1
882,2023-06-10,"Winnipeg, MB",9.7,22.2,16.0
883,2023-06-11,"Winnipeg, MB",6.8,25.4,16.1
884,2023-06-12,"Winnipeg, MB",12.2,28.6,20.4
885,2023-06-13,"Winnipeg, MB",12.7,29.3,21.0
886,2023-06-14,"Winnipeg, MB",9.4,19.3,14.4
887,2023-06-15,"Winnipeg, MB",10.5,22.6,16.6
888,2023-06-16,"Winnipeg, MB",13.8,19.8,16.8
889,2023-06-17,"Winnipeg, MB",10.3,24.0,17.2
890,2023-06-18,"Winnipeg, MB",12.4,28.7,20.6
891,2023-06-19,"Winnipeg, MB",18.5,30.1,24.3
892,2023-06-20,"Winnipeg, MB",20.8,35.9,28.4
893,2023-06-21,"Winnipeg, MB",16.5,27.8,22.1
894,2023-06-22,"Winnipeg, MB",13.5,22.9,18.2
895,2023-06-23,"Winnipeg, MB",10.5,25.2,17.9
896,2023-06-24,"Winnipeg, MB",12.3,26.5,19.4
897,2023-06-25,"Winnipeg, MB",14.3,26.7,20.5
898,2023-06-26,"Winnipeg, MB",13.7,26.6,20.2
899,2023-06-27,"Winnipeg, MB",15.3,26.5,20.9
900,2023-06-28,"Winnipeg, MB",17.2,27.9,22.5
901,2023-06-29,"Winnipeg, MB",14.4,25.8,20.1
902,2023-06-30,"Winnipeg, MB",14.5,29.0,21.7
842,2023-07-01,"Winnipeg, MB",12.8,30.4,21.6
843,2023-07-02,"Winnipeg, MB",17.6,31.3,24.5
844,2023-07-03,"Winnipeg, MB",14.0,24.7,19.3
845,2023-07-04,"Winnipeg, MB",10.0,21.7,15.9
846,2023-07-05,"Winnipeg, MB",6.5,21.0,13.8
847,2023-07-06,"Winnipeg, MB",9.4,27.1,18.3
848,2023-07-07,"Winnipeg, MB",8.9,21.7,15.3
849,2023-07-08,"Winnipeg, MB",5.0,23.9,14.5
850,2023-07-09,"Winnipeg, MB",11.3,25.6,18.5
851,2023-07-10,"Winnipeg, MB",5.6,19.7,12.6
852,2023-07-11,"Winnipeg, MB",6.4,22.4,14.4
853,2023-07-12,"Winnipeg, MB",8.4,21.7,15.1
854,2023-07-13,"Winnipeg, MB",13.1,26.2,19.7
855,2023-07-14,"Winnipeg, MB",10.4,22.7,16.6
856,2023-07-15,"Winnipeg, MB",8.5,22.0,15.2
857,2023-07-16,"Winnipeg, MB",9.7,19.0,14.4
858,2023-07-17,"Winnipeg, MB",10.8,23.6,17.2
859,2023-07-18,"Winnipeg, MB",8.6,23.9,16.3
860,2023-07-19,"Winnipeg, MB",14.5,23.1,18.8
861,2023-07-20,"Winnipeg, MB",11.8,26.6,19.2
862,2023-07-21,"Winnipeg, MB",12.5,28.6,20.5
863,2023-07-22,"Winnipeg, MB",14.2,26.2,20.2
864,2023-07-23,"Winnipeg, MB",14.1,23.6,18.8
865,2023-07-24,"Winnipeg, MB",12.0,27.5,19.8
866,2023-07-25,"Winnipeg, MB",17.3,27.2,22.2
867,2023-07-26,"Winnipeg, MB",15.7,31.7,23.7
868,2023-07-27,"Winnipeg, MB",11.5,27.1,19.3
869,2023-07-28,"Winnipeg, MB",8.0,19.9,14.0
870,2023-07-29,"Winnipeg, MB",6.4,23.0,14.7
871,2023-07-30,"Winnipeg, MB",12.6,26.7,19.7
872,2023-07-31,"Winnipeg, MB",10.1,28.3,19.2
811,2023-08-01,"Winnipeg, MB",16.3,27.3,21.8
812,2023-08-02,"Winnipeg, MB",14.5,29.4,22.0
813,2023-08-03,"Winnipeg, MB",12.4,26.9,19.6
814,2023-08-04,"Winnipeg, MB",12.4,26.8,19.6
815,2023-08-05,"Winnipeg, MB",14.0,28.2,21.1
816,2023-08-06,"Winnipeg, MB",10.7,25.6,18.1
817,2023-08-07,"Winnipeg, MB",10.3,27.9,19.1
818,2023-08-08,"Winnipeg, MB",11.2,24.3,17.7
819,2023-08-09,"Winnipeg, MB",8.6,21.8,15.2
820,2023-08-10,"Winnipeg, MB",5.3,21.4,13.3
821,2023-08-11,"Winnipeg, MB",11.5,21.8,16.7
822,2023-08-12,"Winnipeg, MB",11.0,22.3,16.6
823,2023-08-13,"Winnipeg, MB",11.6,23.3,17.4
824,2023-08-14,"Winnipeg, MB",10.0,26.5,18.2
825,2023-08-15,"Winnipeg, MB",14.3,26.1,20.2
826,2023-08-16,"Winnipeg, MB",13.5,23.9,18.7
827,2023-08-17,"Winnipeg, MB",11.3,24.4,17.8
828,2023-08-18,"Winnipeg, MB",13.0,28.2,20.6
829,2023-08-19,"Winnipeg, MB",9.1,27.0,18.1
830,2023-08-20,"Winnipeg, MB",7.1,23.4,15.3
831,2023-08-21,"Winnipeg, MB",13.2,18.4,15.8
832,2023-08-22,"Winnipeg, MB",15.8,21.4,18.6
833,2023-08-23,"Winnipeg, MB",17.1,23.7,20.4
834,2023-08-24,"Winnipeg, MB",15.9,28.9,22.4
835,2023-08-25,"Winnipeg, MB",11.4,21.3,16.4
836,2023-08-26,"Winnipeg, MB",6.4,22.9,14.7
837,2023-08-27,"Winnipeg, MB",12.9,28.7,20.8
838,2023-08-28,"Winnipeg, MB",M,M,M
839,2023-08-29,"Winnipeg, MB",9.2,21.2,15.2
840,2023-08-30,"Winnipeg, MB",M,M,M
841,2023-08-31,"Winnipeg, MB",18.0,28.6,23.3
781,2023-09-01,"Winnipeg, MB",16.0,28.2,22.1
782,2023-09-02,"Winnipeg, MB",18.3,36.6,27.4
783,2023-09-03,"Winnipeg, MB",12.6,30.1,21.4
784,2023-09-04,"Winnipeg, MB",17.9,28.6,23.3
785,2023-09-05,"Winnipeg, MB",8.6,19.1,13.9
786,2023-09-06,"Winnipeg, MB",6.7,18.5,12.6
787,2023-09-07,"Winnipeg, MB",7.1,22.4,14.8
788,2023-09-08,"Winnipeg, MB",8.4,23.6,16.0
789,2023-09-09,"Winnipeg, MB",5.1,23.4,14.3
790,2023-09-10,"Winnipeg, MB",5.8,21.5,13.7
791,2023-09-11,"Winnipeg, MB",4.6,18.1,11.4
792,2023-09-12,"Winnipeg, MB",1.5,18.2,9.9
793,2023-09-13,"Winnipeg, MB",6.0,21.3,13.7
794,2023-09-14,"Winnipeg, MB",9.8,23.6,16.7
795,2023-09-15,"Winnipeg, MB",8.3,15.4,11.9
796,2023-09-16,"Winnipeg, MB",8.1,15.5,11.8
797,2023-09-17,"Winnipeg, MB",6.8,21.0,13.9
798,2023-09-18,"Winnipeg, MB",11.7,27.7,19.7
799,2023-09-19,"Winnipeg, MB",13.3,29.5,21.4
800,2023-09-20,"Winnipeg, MB",9.9,24.3,17.1
801,2023-09-21,"Winnipeg, MB",11.8,19.7,15.7
802,2023-09-22,"Winnipeg, MB",11.8,17.3,14.5
803,2023-09-23,"Winnipeg, MB",12.8,18.0,15.4
804,2023-09-24,"Winnipeg, MB",15.1,17.1,16.1
805,2023-09-25,"Winnipeg, MB",10.6,22.0,16.3
806,2023-09-26,"Winnipeg, MB",10.8,24.4,17.6
807,2023-09-27,"Winnipeg, MB",10.8,22.5,16.6
808,2023-09-28,"Winnipeg, MB",12.2,20.3,16.2
809,2023-09-29,"Winnipeg, MB",6.4,21.9,14.2
810,2023-09-30,"Winnipeg, MB",7.0,25.3,16.1
750,2023-10-01,"Winnipeg, MB",15.6,25.0,20.3
751,2023-10-02,"Winnipeg, MB",14.0,18.9,16.4
752,2023-10-03,"Winnipeg, MB",12.1,22.5,17.3
753,2023-10-04,"Winnipeg, MB",M,M,M
754,2023-10-05,"Winnipeg, MB",7.7,13.3,10.5
755,2023-10-06,"Winnipeg, MB",3.0,10.6,6.8
756,2023-10-07,"Winnipeg, MB",0.5,10.3,5.4
757,2023-10-08,"Winnipeg, MB",-1.7,13.5,5.9
758,2023-10-09,"Winnipeg, MB",-1.0,12.5,5.7
759,2023-10-10,"Winnipeg, MB",-4.0,12.8,4.4
760,2023-10-11,"Winnipeg, MB",1.1,11.1,6.1
761,2023-10-12,"Winnipeg, MB",4.0,15.5,9.7
762,2023-10-13,"Winnipeg, MB",2.1,14.5,8.3
763,2023-10-14,"Winnipeg, MB",0.1,11.4,5.8
764,2023-10-15,"Winnipeg, MB",-1.5,16.2,7.3
765,2023-10-16,"Winnipeg, MB",-1.1,16.9,7.9
766,2023-10-17,"Winnipeg, MB",2.5,16.4,9.4
767,2023-10-18,"Winnipeg, MB",5.9,18.3,12.1
768,2023-10-19,"Winnipeg, MB",5.8,17.4,11.6
769,2023-10-20,"Winnipeg, MB",1.6,16.7,9.2
770,2023-10-21,"Winnipeg, MB",5.4,12.9,9.2
771,2023-10-22,"Winnipeg, MB",8.1,13.1,10.6
772,2023-10-23,"Winnipeg, MB",2.0,10.4,6.2
773,2023-10-24,"Winnipeg, MB",-0.7,5.7,2.5
774,2023-10-25,"Winnipeg, MB",-1.4,2.7,0.6
775,2023-10-26,"Winnipeg, MB",-1.5,2.4,0.4
776,2023-10-27,"Winnipeg, MB",-4.3,0.7,-1.8
777,2023-10-28,"Winnipeg, MB",M,M,M
778,2023-10-29,"Winnipeg, MB",-11.9,-4.0,-7.9
779,2023-10-30,"Winnipeg, MB",-8.3,-1.6,-4.9
780,2023-10-31,"Winnipeg, MB",-12.1,-4.2,-8.2
720,2023-11-01,"Winnipeg, MB",-7.6,0.2,-3.7
721,2023-11-02,"Winnipeg, MB",-2.2,0.2,-1.0
722,2023-11-03,"Winnipeg, MB",-8.1,-1.2,-4.7
723,2023-11-04,"Winnipeg, MB",-7.2,1.2,-3.0
724,2023-11-05,"Winnipeg, MB",-1.3,1.3,0.0
725,2023-11-06,"Winnipeg, MB",-1.5,0.9,-0.3
726,2023-11-07,"Winnipeg, MB",-0.8,1.6,0.4
727,2023-11-08,"Winnipeg, MB",-0.2,2.3,1.1
728,2023-11-09,"Winnipeg, MB",-1.5,-0.1,-0.8
729,2023-11-10,"Winnipeg, MB",-3.0,0.4,-1.3
730,2023-11-11,"Winnipeg, MB",-4.3,-0.4,-2.4
731,2023-11-12,"Winnipeg, MB",-2.5,5.5,1.5
732,2023-11-13,"Winnipeg, MB",-1.7,6.1,2.2
733,2023-11-14,"Winnipeg, MB",1.2,9.7,5.5
734,2023-11-15,"Winnipeg, MB",-1.9,8.8,3.4
735,2023-11-16,"Winnipeg, MB",-6.9,2.3,-2.3
736,2023-11-17,"Winnipeg, MB",-6.7,2.1,-2.3
737,2023-11-18,"Winnipeg, MB",-4.8,5.8,0.5
738,2023-11-19,"Winnipeg, MB",-2.9,8.7,2.9
739,2023-11-20,"Winnipeg, MB",1.1,9.6,5.3
740,2023-11-21,"Winnipeg, MB",-7.1,1.1,-3.0
741,2023-11-22,"Winnipeg, MB",-11.3,0.1,-5.6
742,2023-11-23,"Winnipeg, MB",-13.8,-7.7,-10.7
743,2023-11-24,"Winnipeg, MB",-13.6,-1.4,-7.5
744,2023-11-25,"Winnipeg, MB",-9.1,0.6,-4.2
745,2023-11-26,"Winnipeg, MB",-16.7,-1.1,-8.9
746,2023-11-27,"Winnipeg, MB",-18.6,-11.3,-14.9
747,2023-11-28,"Winnipeg, MB",-15.0,2.8,-6.1
748,2023-11-29,"Winnipeg, MB",-5.2,4.5,-0.4
749,2023-11-30,"Winnipeg, MB",M,M,M
689,2023-12-01,"Winnipeg, MB",-9.5,1.8,-3.8
690,2023-12-02,"Winnipeg, MB",-5.4,2.1,-1.7
691,2023-12-03,"Winnipeg, MB",-11.6,1.5,-5.1
692,2023-12-04,"Winnipeg, MB",-12.3,-3.8,-8.1
693,2023-12-05,"Winnipeg, MB",-6.0,-3.2,-4.6
694,2023-12-06,"Winnipeg, MB",-3.2,6.9,1.8
695,2023-12-07,"Winnipeg, MB",-1.3,8.6,3.7
696,2023-12-08,"Winnipeg, MB",-3.5,3.1,-0.2
697,2023-12-09,"Winnipeg, MB",-5.5,-3.4,-4.5
698,2023-12-10,"Winnipeg, MB",-10.8,-4.8,-7.8
699,2023-12-11,"Winnipeg, MB",-10.5,-2.5,-6.5
700,2023-12-12,"Winnipeg, MB",-14.7,-7.0,-10.8
701,2023-12-13,"Winnipeg, MB",-14.3,-0.8,-7.6
702,2023-12-14,"Winnipeg, MB",-8.8,3.1,-2.8
703,2023-12-15,"Winnipeg, MB",-12.2,-0.1,-6.1
704,2023-12-16,"Winnipeg, MB",-13.0,-1.2,-7.1
705,2023-12-17,"Winnipeg, MB",-15.4,-1.4,-8.4
706,2023-12-18,"Winnipeg, MB",-20.6,-7.7,-14.2
707,2023-12-19,"Winnipeg, MB",-12.2,-4.2,-8.2
708,2023-12-20,"Winnipeg, MB",-11.9,-0.6,-6.2
709,2023-12-21,"Winnipeg, MB",-6.5,0.5,-3.0
710,2023-12-22,"Winnipeg, MB",-8.2,-0.3,-4.2
711,2023-12-23,"Winnipeg, MB",-0.3,1.3,0.5
712,2023-12-24,"Winnipeg, MB",-11.3,1.5,-4.9
713,2023-12-25,"Winnipeg, MB",-15.6,-7.1,-11.3
714,2023-12-26,"Winnipeg, MB",-11.2,-4.1,-7.7
715,2023-12-27,"Winnipeg, MB",-12.2,0.7,-5.8
716,2023-12-28,"Winnipeg, MB",-13.3,-2.6,-7.9
717,2023-12-29,"Winnipeg, MB",-10.1,-1.9,-6.0
718,2023-12-30,"Winnipeg, MB",-11.4,-4.6,-8.0
719,2023-12-31,"Winnipeg, MB",-16.7,-7.1,-11.9
658,2024-01-01,"Winnipeg, MB",-10.9,-1.4,-6.1
659,2024-01-02,"Winnipeg, MB",-6.8,-0.4,-3.6
660,2024-01-03,"Winnipeg, MB",-9.7,-6.8,-8.3
661,2024-01-04,"Winnipeg, MB",-12.1,-4.8,-8.4
662,2024-01-05,"Winnipeg, MB",-6.0,-4.4,-5.2
663,2024-01-06,"Winnipeg, MB",-19.5,-6.0,-12.8
664,2024-01-07,"Winnipeg, MB",-19.1,-14.1,-16.6
665,2024-01-08,"Winnipeg, MB",-18.4,-12.9,-15.6
666,2024-01-09,"Winnipeg, MB",-25.8,-13.1,-19.4
667,2024-01-10,"Winnipeg, MB",M,M,M
668,2024-01-11,"Winnipeg, MB",-19.3,-9.3,-14.3
669,2024-01-12,"Winnipeg, MB",-28.5,-18.7,-23.6
670,2024-01-13,"Winnipeg, MB",-28.8,-20.1,-24.4
671,2024-01-14,"Winnipeg, MB",-29.0,-23.2,-26.1
672,2024-01-15,"Winnipeg, MB",-27.1,-19.4,-23.2
673,2024-01-16,"Winnipeg, MB",-24.2,-17.0,-20.6
674,2024-01-17,"Winnipeg, MB",-26.9,-16.9,-21.9
675,2024-01-18,"Winnipeg, MB",-30.0,-18.5,-24.2
676,2024-01-19,"Winnipeg, MB",-27.3,-16.0,-21.6
677,2024-01-20,"Winnipeg, MB",-18.3,-14.3,-16.3
678,2024-01-21,"Winnipeg, MB",-14.3,-8.9,-11.6
679,2024-01-22,"Winnipeg, MB",-12.9,-9.7,-11.3
680,2024-01-23,"Winnipeg, MB",-14.3,-1.8,-8.1
681,2024-01-24,"Winnipeg, MB",-2.8,-1.2,-2.0
682,2024-01-25,"Winnipeg, MB",-3.7,-1.8,-2.8
683,2024-01-26,"Winnipeg, MB",-10.2,-2.9,-6.6
684,2024-01-27,"Winnipeg, MB",-14.2,-3.1,-8.7
685,2024-01-28,"Winnipeg, MB",-7.3,0.3,-3.5
686,2024-01-29,"Winnipeg, MB",-6.1,2.5,-1.8
687,2024-01-30,"Winnipeg, MB",-0.6,3.4,1.4
688,2024-01-31,"Winnipeg, MB",-4.1,4.7,0.3
629,2024-02-01,"Winnipeg, MB",-4.5,0.6,-1.9
630,2024-02-02,"Winnipeg, MB",-4.4,1.5,-1.5
631,2024-02-03,"Winnipeg, MB",-2.7,1.5,-0.6
632,2024-02-04,"Winnipeg, MB",0.2,2.3,1.2
633,2024-02-05,"Winnipeg, MB",-0.6,1.1,0.2
634,2024-02-06,"Winnipeg, MB",0.3,1.8,1.0
635,2024-02-07,"Winnipeg, MB",0.3,2.6,1.5
636,2024-02-08,"Winnipeg, MB",-7.2,2.1,-2.5
637,2024-02-09,"Winnipeg, MB",-10.8,-6.3,-8.5
638,2024-02-10,"Winnipeg, MB",-8.5,-1.8,-5.1
639,2024-02-11,"Winnipeg, MB",-9.6,-2.6,-6.1
640,2024-02-12,"Winnipeg, MB",-6.5,-3.1,-4.8
641,2024-02-13,"Winnipeg, MB",-5.3,-0.6,-2.9
642,2024-02-14,"Winnipeg, MB",-11.7,-3.1,-7.4
643,2024-02-15,"Winnipeg, MB",-18.0,-11.7,-14.9
644,2024-02-16,"Winnipeg, MB",-21.8,-7.7,-14.8
645,2024-02-17,"Winnipeg, MB",-10.5,-1.2,-5.8
646,2024-02-18,"Winnipeg, MB",-13.7,-5.9,-9.8
647,2024-02-19,"Winnipeg, MB",-16.0,-0.7,-8.3
648,2024-02-20,"Winnipeg, MB",-11.3,-3.2,-7.2
649,2024-02-21,"Winnipeg, MB",-11.9,-2.4,-7.1
650,2024-02-22,"Winnipeg, MB",-9.7,3.4,-3.1
651,2024-02-23,"Winnipeg, MB",-16.0,-7.1,-11.6
652,2024-02-24,"Winnipeg, MB",-8.0,6.1,-0.9
653,2024-02-25,"Winnipeg, MB",-9.4,0.0,-4.7
654,2024-02-26,"Winnipeg, MB",-12.4,1.4,-5.5
655,2024-02-27,"Winnipeg, MB",-25.9,-12.3,-19.1
656,2024-02-28,"Winnipeg, MB",-26.8,-15.6,-21.2
657,2024-02-29,"Winnipeg, MB",-20.9,-7.5,-14.2
598,2024-03-01,"Winnipeg, MB",-9.4,3.6,-2.9
599,2024-03-02,"Winnipeg, MB",-10.8,-5.2,-8.0
600,2024-03-03,"Winnipeg, MB",-5.2,-0.7,-2.9
601,2024-03-04,"Winnipeg, MB",-14.8,-3.9,-9.3
602,2024-03-05,"Winnipeg, MB",-20.3,-11.3,-15.8
603,2024-03-06,"Winnipeg, MB",-16.7,-0.5,-8.6
604,2024-03-07,"Winnipeg, MB",-12.4,-8.6,-10.5
605,2024-03-08,"Winnipeg, MB",-18.8,-5.5,-12.2
606,2024-03-09,"Winnipeg, MB",-20.0,-3.7,-11.9
607,2024-03-10,"Winnipeg, MB",-6.0,4.7,-0.7
608,2024-03-11,"Winnipeg, MB",-5.0,10.1,2.5
609,2024-03-12,"Winnipeg, MB",-2.9,2.0,-0.4
610,2024-03-13,"Winnipeg, MB",-3.7,3.5,-0.1
611,2024-03-14,"Winnipeg, MB",-3.1,3.0,-0.1
612,2024-03-15,"Winnipeg, MB",-2.7,5.2,1.2
613,2024-03-16,"Winnipeg, MB",-7.7,1.5,-3.1
614,2024-03-17,"Winnipeg, MB",-10.1,-5.1,-7.6
615,2024-03-18,"Winnipeg, MB",-11.5,5.6,-2.9
616,2024-03-19,"Winnipeg, MB",-12.2,0.5,-5.8
617,2024-03-20,"Winnipeg, MB",-15.5,-9.6,-12.5
618,2024-03-21,"Winnipeg, MB",-14.9,-4.6,-9.7
619,2024-03-22,"Winnipeg, MB",-12.9,-5.5,-9.2
620,2024-03-23,"Winnipeg, MB",-16.1,-6.1,-11.1
621,2024-03-24,"Winnipeg, MB",-12.2,-3.0,-7.6
622,2024-03-25,"Winnipeg, MB",-12.4,-4.2,-8.3
623,2024-03-26,"Winnipeg, MB",-12.0,-5.7,-8.8
624,2024-03-27,"Winnipeg, MB",-11.7,-5.7,-8.7
625,2024-03-28,"Winnipeg, MB",-12.3,0.8,-5.8
626,2024-03-29,"Winnipeg, MB",-6.4,3.0,-1.7
627,2024-03-30,"Winnipeg, MB",-4.4,1.3,-1.5
628,2024-03-31,"Winnipeg, MB",-8.6,-0.4,-4.5
568,2024-04-01,"Winnipeg, MB",-7.8,6.2,-0.8
569,2024-04-02,"Winnipeg, MB",-2.0,2.0,0.0
570,2024-04-03,"Winnipeg, MB",-4.3,7.9,1.8
571,2024-04-04,"Winnipeg, MB",-3.3,10.1,3.4
572,2024-04-05,"Winnipeg, MB",-2.1,12.5,5.2
573,2024-04-06,"Winnipeg, MB",3.0,14.1,8.6
574,2024-04-07,"Winnipeg, MB",1.6,15.6,8.6
575,2024-04-08,"Winnipeg, MB",0.4,11.0,5.7
576,2024-04-09,"Winnipeg, MB",-2.1,13.8,5.8
577,2024-04-10,"Winnipeg, MB",-0.2,16.2,8.0
578,2024-04-11,"Winnipeg, MB",-1.0,14.0,6.5
579,2024-04-12,"Winnipeg, MB",-3.6,12.7,4.6
580,2024-04-13,"Winnipeg, MB",2.2,19.9,11.1
581,2024-04-14,"Winnipeg, MB",-1.0,15.1,7.0
582,2024-04-15,"Winnipeg, MB",-2.2,14.7,6.2
583,2024-04-16,"Winnipeg, MB",3.6,14.1,8.9
584,2024-04-17,"Winnipeg, MB",0.2,8.7,4.5
585,2024-04-18,"Winnipeg, MB",-2.2,5.0,1.4
586,2024-04-19,"Winnipeg, MB",-3.6,0.0,-1.8
587,2024-04-20,"Winnipeg, MB",-5.5,10.7,2.6
588,2024-04-21,"Winnipeg, MB",-3.3,17.1,6.9
589,2024-04-22,"Winnipeg, MB",4.4,19.2,11.8
590,2024-04-23,"Winnipeg, MB",-3.1,9.9,3.4
591,2024-04-24,"Winnipeg, MB",-5.0,20.2,7.6
592,2024-04-25,"Winnipeg, MB",4.5,24.3,14.4
593,2024-04-26,"Winnipeg, MB",6.7,16.6,11.7
594,2024-04-27,"Winnipeg, MB",-0.1,10.2,5.0
595,2024-04-28,"Winnipeg, MB",-3.2,11.7,4.3
596,2024-04-29,"Winnipeg, MB",1.9,5.5,3.7
597,2024-04-30,"Winnipeg, MB",1.0,13.4,7.2
537,2024-05-01,"Winnipeg, MB",3.5,14.6,9.0
538,2024-05-02,"Winnipeg, MB",3.6,10.6,7.1
539,2024-05-03,"Winnipeg, MB",4.8,12.9,8.9
540,2024-05-04,"Winnipeg, MB",3.9,12.7,8.3
541,2024-05-05,"Winnipeg, MB",4.3,19.4,11.9
542,2024-05-06,"Winnipeg, MB",7.8,22.5,15.2
543,2024-05-07,"Winnipeg, MB",11.1,17.6,14.4
544,2024-05-08,"Winnipeg, MB",7.1,23.2,15.2
545,2024-05-09,"Winnipeg, MB",3.0,22.3,12.7
546,2024-05-10,"Winnipeg, MB",5.7,20.5,13.1
547,2024-05-11,"Winnipeg, MB",6.1,30.8,18.5
548,2024-05-12,"Winnipeg, MB",2.1,15.8,9.0
549,2024-05-13,"Winnipeg, MB",-0.2,11.4,5.6
550,2024-05-14,"Winnipeg, MB",6.5,10.5,8.5
551,2024-05-15,"Winnipeg, MB",8.8,15.4,12.1
552,2024-05-16,"Winnipeg, MB",8.9,18.7,13.8
553,2024-05-17,"Winnipeg, MB",8.4,24.0,16.2
554,2024-05-18,"Winnipeg, MB",8.9,16.8,12.9
555,2024-05-19,"Winnipeg, MB",7.6,20.9,14.3
556,2024-05-20,"Winnipeg, MB",8.2,18.7,13.4
557,2024-05-21,"Winnipeg, MB",5.4,18.3,11.8
558,2024-05-22,"Winnipeg, MB",5.9,16.9,11.4
559,2024-05-23,"Winnipeg, MB",3.8,15.6,9.7
560,2024-05-24,"Winnipeg, MB",4.6,10.2,7.4
561,2024-05-25,"Winnipeg, MB",6.6,9.3,8.0
562,2024-05-26,"Winnipeg, MB",4.3,18.8,11.5
563,2024-05-27,"Winnipeg, MB",8.9,18.1,13.5
564,2024-05-28,"Winnipeg, MB",6.9,16.4,11.7
565,2024-05-29,"Winnipeg, MB",5.3,23.5,14.4
566,2024-05-30,"Winnipeg, MB",12.2,22.0,17.1
567,2024-05-31,"Winnipeg, MB",9.5,22.6,16.0
507,2024-06-01,"Winnipeg, MB",9.9,22.2,16.1
508,2024-06-02,"Winnipeg, MB",9.8,27.1,18.4
509,2024-06-03,"Winnipeg, MB",11.9,21.9,16.9
510,2024-06-04,"Winnipeg, MB",15.3,22.4,18.9
511,2024-06-05,"Winnipeg, MB",11.4,20.3,15.8
512,2024-06-06,"Winnipeg, MB",9.1,14.7,11.9
513,2024-06-07,"Winnipeg, MB",8.3,23.2,15.7
514,2024-06-08,"Winnipeg, MB",7.6,22.4,15.0
515,2024-06-09,"Winnipeg, MB",6.9,19.3,13.1
516,2024-06-10,"Winnipeg, MB",5.3,22.6,14.0
517,2024-06-11,"Winnipeg, MB",12.0,20.6,16.3
518,2024-06-12,"Winnipeg, MB",8.6,21.8,15.2
519,2024-06-13,"Winnipeg, MB",11.1,21.8,16.4
520,2024-06-14,"Winnipeg, MB",10.3,26.5,18.4
521,2024-06-15,"Winnipeg, MB",15.3,28.3,21.8
522,2024-06-16,"Winnipeg, MB",13.8,22.1,18.0
523,2024-06-17,"Winnipeg, MB",8.8,20.9,14.9
524,2024-06-18,"Winnipeg, MB",10.4,16.2,13.3
525,2024-06-19,"Winnipeg, MB",7.8,19.8,13.8
526,2024-06-20,"Winnipeg, MB",12.6,24.9,18.7
527,2024-06-21,"Winnipeg, MB",12.2,26.0,19.1
528,2024-06-22,"Winnipeg, MB",13.5,26.5,20.0
529,2024-06-23,"Winnipeg, MB",13.0,23.7,18.3
530,2024-06-24,"Winnipeg, MB",15.6,30.4,23.0
531,2024-06-25,"Winnipeg, MB",12.9,22.4,17.6
532,2024-06-26,"Winnipeg, MB",12.1,20.3,16.2
533,2024-06-27,"Winnipeg, MB",10.5,22.9,16.7
534,2024-06-28,"Winnipeg, MB",11.1,16.4,13.8
535,2024-06-29,"Winnipeg, MB",8.9,19.0,14.0
536,2024-06-30,"Winnipeg, MB",6.5,22.2,14.3
476,2024-07-01,"Winnipeg, MB",14.0,18.8,16.4
477,2024-07-02,"Winnipeg, MB",14.8,22.6,18.7
478,2024-07-03,"Winnipeg, MB",14.4,23.0,18.7
479,2024-07-04,"Winnipeg, MB",13.5,25.3,19.4
480,2024-07-05,"Winnipeg, MB",12.7,25.3,19.0
481,2024-07-06,"Winnipeg, MB",15.6,27.9,21.7
482,2024-07-07,"Winnipeg, MB",14.3,27.8,21.1
483,2024-07-08,"Winnipeg, MB",14.1,27.0,20.5
484,2024-07-09,"Winnipeg, MB",14.0,28.7,21.4
485,2024-07-10,"Winnipeg, MB",14.7,29.1,21.9
486,2024-07-11,"Winnipeg, MB",18.8,31.2,25.0
487,2024-07-12,"Winnipeg, MB",20.2,31.1,25.7
488,2024-07-13,"Winnipeg, MB",18.4,28.6,23.5
489,2024-07-14,"Winnipeg, MB",13.7,26.4,20.1
490,2024-07-15,"Winnipeg, MB",13.4,23.5,18.4
491,2024-07-16,"Winnipeg, MB",9.4,20.1,14.7
492,2024-07-17,"Winnipeg, MB",8.3,21.8,15.1
493,2024-07-18,"Winnipeg, MB",13.2,26.3,19.8
494,2024-07-19,"Winnipeg, MB",16.2,28.6,22.4
495,2024-07-20,"Winnipeg, MB",18.0,29.0,23.5
496,2024-07-21,"Winnipeg, MB",15.8,27.8,21.8
497,2024-07-22,"Winnipeg, MB",16.0,25.3,20.7
498,2024-07-23,"Winnipeg, MB",16.9,23.6,20.2
499,2024-07-24,"Winnipeg, MB",15.2,25.9,20.5
500,2024-07-25,"Winnipeg, MB",18.9,28.4,23.6
501,2024-07-26,"Winnipeg, MB",18.4,28.8,23.6
502,2024-07-27,"Winnipeg, MB",15.5,29.0,22.3
503,2024-07-28,"Winnipeg, MB",14.2,24.9,19.5
504,2024-07-29,"Winnipeg, MB",16.5,28.6,22.6
505,2024-07-30,"Winnipeg, MB",18.9,30.7,24.8
506,2024-07-31,"Winnipeg, MB",15.8,28.5,22.2
445,2024-08-01,"Winnipeg, MB",14.2,32.7,23.5
446,2024-08-02,"Winnipeg, MB",13.0,27.5,20.3
447,2024-08-03,"Winnipeg, MB",9.2,23.2,16.2
448,2024-08-04,"Winnipeg, MB",7.8,21.3,14.5
449,2024-08-05,"Winnipeg, MB",9.6,23.4,16.5
450,2024-08-06,"Winnipeg, MB",8.2,25.8,17.0
451,2024-08-07,"Winnipeg, MB",10.7,21.4,16.1
452,2024-08-08,"Winnipeg, MB",10.4,18.7,14.6
453,2024-08-09,"Winnipeg, MB",6.8,22.0,14.4
454,2024-08-10,"Winnipeg, MB",5.8,25.0,15.4
455,2024-08-11,"Winnipeg, MB",10.1,26.7,18.4
456,2024-08-12,"Winnipeg, MB",10.8,28.4,19.6
457,2024-08-13,"Winnipeg, MB",12.5,28.7,20.6
458,2024-08-14,"Winnipeg, MB",18.5,26.1,22.3
459,2024-08-15,"Winnipeg, MB",18.2,20.8,19.5
460,2024-08-16,"Winnipeg, MB",15.5,25.2,20.4
461,2024-08-17,"Winnipeg, MB",12.6,25.8,19.2
462,2024-08-18,"Winnipeg, MB",10.1,27.2,18.6
463,2024-08-19,"Winnipeg, MB",14.4,29.2,21.8
464,2024-08-20,"Winnipeg, MB",17.7,30.8,24.2
465,2024-08-21,"Winnipeg, MB",15.9,27.2,21.6
466,2024-08-22,"Winnipeg, MB",16.1,26.3,21.2
467,2024-08-23,"Winnipeg, MB",17.1,27.7,22.4
468,2024-08-24,"Winnipeg, MB",16.7,31.2,24.0
469,2024-08-25,"Winnipeg, MB",16.7,31.0,23.8
470,2024-08-26,"Winnipeg, MB",10.2,21.9,16.1
471,2024-08-27,"Winnipeg, MB",8.1,17.4,12.8
472,2024-08-28,"Winnipeg, MB",9.0,26.0,17.5
473,2024-08-29,"Winnipeg, MB",13.7,21.7,17.7
474,2024-08-30,"Winnipeg, MB",12.7,25.1,18.9
475,2024-08-31,"Winnipeg, MB",8.8,22.8,15.8
415,2024-09-01,"Winnipeg, MB",6.8,22.4,14.6
416,2024-09-02,"Winnipeg, MB",10.4,26.6,18.5
417,2024-09-03,"Winnipeg, MB",14.0,28.8,21.4
418,2024-09-04,"Winnipeg, MB",14.2,22.8,18.5
419,2024-09-05,"Winnipeg, MB",9.0,19.9,14.5
420,2024-09-06,"Winnipeg, MB",5.9,19.6,12.8
421,2024-09-07,"Winnipeg, MB",5.7,24.7,15.2
422,2024-09-08,"Winnipeg, MB",9.0,26.0,17.5
423,2024-09-09,"Winnipeg, MB",13.0,31.3,22.1
424,2024-09-10,"Winnipeg, MB",12.9,27.6,20.3
425,2024-09-11,"Winnipeg, MB",7.5,22.3,14.9
426,2024-09-12,"Winnipeg, MB",13.5,30.5,22.0
427,2024-09-13,"Winnipeg, MB",17.3,24.9,21.1
428,2024-09-14,"Winnipeg, MB",14.8,27.6,21.2
429,2024-09-15,"Winnipeg, MB",15.5,28.7,22.1
430,2024-09-16,"Winnipeg, MB",12.7,23.5,18.1
431,2024-09-17,"Winnipeg, MB",13.9,22.2,18.1
432,2024-09-18,"Winnipeg, MB",13.8,25.0,19.4
433,2024-09-19,"Winnipeg, MB",16.2,22.2,19.2
434,2024-09-20,"Winnipeg, MB",13.1,23.0,18.1
435,2024-09-21,"Winnipeg, MB",7.4,18.0,12.7
436,2024-09-22,"Winnipeg, MB",4.4,18.6,11.5
437,2024-09-23,"Winnipeg, MB",11.4,19.2,15.3
438,2024-09-24,"Winnipeg, MB",7.6,22.6,15.1
439,2024-09-25,"Winnipeg, MB",10.6,28.1,19.3
440,2024-09-26,"Winnipeg, MB",15.4,29.9,22.7
441,2024-09-27,"Winnipeg, MB",6.6,23.3,15.0
442,2024-09-28,"Winnipeg, MB",7.7,24.9,16.3
443,2024-09-29,"Winnipeg, MB",10.0,28.2,19.1
444,2024-09-30,"Winnipeg, MB",8.5,23.5,16.0
384,2024-10-01,"Winnipeg, MB",4.3,15.8,10.0
385,2024-10-02,"Winnipeg, MB",M,M,M
386,2024-10-03,"Winnipeg, MB",-0.2,10.8,5.3
387,2024-10-04,"Winnipeg, MB",-3.1,17.2,7.0
388,2024-10-05,"Winnipeg, MB",6.0,18.4,12.2
389,2024-10-06,"Winnipeg, MB",4.1,14.7,9.4
390,2024-10-07,"Winnipeg, MB",1.3,17.6,9.5
391,2024-10-08,"Winnipeg, MB",2.8,20.3,11.5
392,2024-10-09,"Winnipeg, MB",9.1,22.5,15.8
393,2024-10-10,"Winnipeg, MB",7.6,20.4,14.0
394,2024-10-11,"Winnipeg, MB",2.8,15.5,9.2
395,2024-10-12,"Winnipeg, MB",2.3,14.9,8.6
396,2024-10-13,"Winnipeg, MB",1.0,11.7,6.3
397,2024-10-14,"Winnipeg, MB",-2.3,7.2,2.5
398,2024-10-15,"Winnipeg, MB",-3.5,10.4,3.4
399,2024-10-16,"Winnipeg, MB",3.1,15.1,9.1
400,2024-10-17,"Winnipeg, MB",7.2,19.4,13.3
401,2024-10-18,"Winnipeg, MB",2.7,14.2,8.4
402,2024-10-19,"Winnipeg, MB",-1.6,14.7,6.6
403,2024-10-20,"Winnipeg, MB",3.8,20.6,12.2
404,2024-10-21,"Winnipeg, MB",1.4,21.7,11.6
405,2024-10-22,"Winnipeg, MB",2.5,14.3,8.4
406,2024-10-23,"Winnipeg, MB",1.7,13.5,7.6
407,2024-10-24,"Winnipeg, MB",-3.5,11.3,3.9
408,2024-10-25,"Winnipeg, MB",M,M,M
409,2024-10-26,"Winnipeg, MB",-4.3,10.7,3.2
410,2024-10-27,"Winnipeg, MB",0.7,13.3,7.0
411,2024-10-28,"Winnipeg, MB",0.2,15.3,7.8
412,2024-10-29,"Winnipeg, MB",-0.4,9.3,4.4
413,2024-10-30,"Winnipeg, MB",-5.4,7.9,1.3
414,2024-10-31,"Winnipeg, MB",-6.9,7.6,0.4
354,2024-11-01,"Winnipeg, MB",-0.3,8.0,3.9
355,2024-11-02,"Winnipeg, MB",-4.5,9.6,2.5
356,2024-11-03,"Winnipeg, MB",4.1,9.2,6.7
357,2024-11-04,"Winnipeg, MB",-1.1,7.1,3.0
358,2024-11-05,"Winnipeg, MB",-4.7,4.8,0.1
359,2024-11-06,"Winnipeg, MB",-5.4,3.8,-0.8
360,2024-11-07,"Winnipeg, MB",-0.8,11.9,5.6
361,2024-11-08,"Winnipeg, MB",-4.2,9.7,2.7
362,2024-11-09,"Winnipeg, MB",0.0,12.7,6.4
363,2024-11-10,"Winnipeg, MB",-2.7,10.1,3.7
364,2024-11-11,"Winnipeg, MB",-1.7,4.4,1.4
365,2024-11-12,"Winnipeg, MB",0.6,8.0,4.3
366,2024-11-13,"Winnipeg, MB",-2.2,6.8,2.3
367,2024-11-14,"Winnipeg, MB",1.9,5.9,3.9
368,2024-11-15,"Winnipeg, MB",0.1,8.9,4.5
369,2024-11-16,"Winnipeg, MB",1.6,6.7,4.1
370,2024-11-17,"Winnipeg, MB",-1.2,5.9,2.4
371,2024-11-18,"Winnipeg, MB",-3.5,5.7,1.1
372,2024-11-19,"Winnipeg, MB",1.6,5.7,3.6
373,2024-11-20,"Winnipeg, MB",-0.7,3.1,1.2
374,2024-11-21,"Winnipeg, MB",-5.2,-0.7,-3.0
375,2024-11-22,"Winnipeg, MB",-9.2,-3.9,-6.6
376,2024-11-23,"Winnipeg, MB",-9.2,-5.7,-7.5
377,2024-11-24,"Winnipeg, MB",-6.3,-2.4,-4.3
378,2024-11-25,"Winnipeg, MB",-11.6,-6.0,-8.8
379,2024-11-26,"Winnipeg, MB",-8.3,-5.7,-7.0
380,2024-11-27,"Winnipeg, MB",-8.7,-5.8,-7.2
381,2024-11-28,"Winnipeg, MB",-12.4,-8.5,-10.5
382,2024-11-29,"Winnipeg, MB",-20.3,-12.4,-16.3
383,2024-11-30,"Winnipeg, MB",-21.1,-11.8,-16.5
323,2024-12-01,"Winnipeg, MB",-15.3,-8.8,-12.1
324,2024-12-02,"Winnipeg, MB",-18.3,-9.1,-13.7
325,2024-12-03,"Winnipeg, MB",-13.4,-1.4,-7.4
326,2024-12-04,"Winnipeg, MB",-16.2,-6.0,-11.1
327,2024-12-05,"Winnipeg, MB",-21.3,-6.6,-13.9
328,2024-12-06,"Winnipeg, MB",-7.6,-2.5,-5.1
329,2024-12-07,"Winnipeg, MB",-2.6,3.9,0.7
330,2024-12-08,"Winnipeg, MB",-5.4,0.8,-2.3
331,2024-12-09,"Winnipeg, MB",-11.5,-5.4,-8.5
332,2024-12-10,"Winnipeg, MB",-26.6,-8.7,-17.6
333,2024-12-11,"Winnipeg, MB",-32.4,-24.5,-28.5
334,2024-12-12,"Winnipeg, MB",-33.4,-21.4,-27.4
335,2024-12-13,"Winnipeg, MB",M,M,M
336,2024-12-14,"Winnipeg, MB",-10.2,-4.4,-7.3
337,2024-12-15,"Winnipeg, MB",-4.4,0.7,-1.9
338,2024-12-16,"Winnipeg, MB",-9.0,0.3,-4.4
339,2024-12-17,"Winnipeg, MB",-13.0,-8.6,-10.8
340,2024-12-18,"Winnipeg, MB",-25.8,-13.0,-19.4
341,2024-12-19,"Winnipeg, MB",-22.8,-14.6,-18.7
342,2024-12-20,"Winnipeg, MB",-26.5,-18.5,-22.5
343,2024-12-21,"Winnipeg, MB",-19.7,-7.8,-13.7
344,2024-12-22,"Winnipeg, MB",-9.3,-7.3,-8.3
345,2024-12-23,"Winnipeg, MB",-10.2,-8.0,-9.1
346,2024-12-24,"Winnipeg, MB",-10.3,-5.9,-8.1
347,2024-12-25,"Winnipeg, MB",-5.9,-0.5,-3.2
348,2024-12-26,"Winnipeg, MB",-2.3,0.3,-1.0
349,2024-12-27,"Winnipeg, MB",-0.9,2.1,0.6
350,2024-12-28,"Winnipeg, MB",-7.1,1.5,-2.8
351,2024-12-29,"Winnipeg, MB",-10.1,-0.9,-5.5
352,2024-12-30,"Winnipeg, MB",-8.4,-3.2,-5.8
353,2024-12-31,"Winnipeg, MB",-11.3,-4.0,-7.7
292,2025-01-01,"Winnipeg, MB",-14.8,-11.0,-12.9
293,2025-01-02,"Winnipeg, MB",-21.2,-12.9,-17.0
294,2025-01-03,"Winnipeg, MB",-25.9,-19.8,-22.8
295,2025-01-04,"Winnipeg, MB",-29.5,-22.2,-25.9
296,2025-01-05,"Winnipeg, MB",-29.2,-20.8,-25.0
297,2025-01-06,"Winnipeg, MB",-25.6,-14.6,-20.1
298,2025-01-07,"Winnipeg, MB",-18.3,-14.5,-16.4
299,2025-01-08,"Winnipeg, MB",-17.7,-8.2,-13.0
300,2025-01-09,"Winnipeg, MB",-9.9,-0.2,-5.0
301,2025-01-10,"Winnipeg, MB",-14.7,-9.9,-12.3
302,2025-01-11,"Winnipeg, MB",-13.3,-9.5,-11.4
303,2025-01-12,"Winnipeg, MB",-25.7,-12.8,-19.3
304,2025-01-13,"Winnipeg, MB",-27.3,-21.6,-24.5
305,2025-01-14,"Winnipeg, MB",-28.5,-17.8,-23.2
306,2025-01-15,"Winnipeg, MB",-18.5,2.3,-8.1
307,2025-01-16,"Winnipeg, MB",-8.9,0.5,-4.2
308,2025-01-17,"Winnipeg, MB",-19.6,2.3,-8.7
309,2025-01-18,"Winnipeg, MB",-29.6,-19.3,-24.4
310,2025-01-19,"Winnipeg, MB",-29.6,-24.8,-27.2
311,2025-01-20,"Winnipeg, MB",M,M,M
312,2025-01-21,"Winnipeg, MB",-29.8,-12.5,-21.2
313,2025-01-22,"Winnipeg, MB",-25.6,-12.5,-19.0
314,2025-01-23,"Winnipeg, MB",-27.2,-12.3,-19.7
315,2025-01-24,"Winnipeg, MB",-12.4,-1.5,-7.0
316,2025-01-25,"Winnipeg, MB",-14.9,-3.9,-9.4
317,2025-01-26,"Winnipeg, MB",-12.4,-3.1,-7.8
318,2025-01-27,"Winnipeg, MB",-9.4,-0.2,-4.8
319,2025-01-28,"Winnipeg, MB",-13.7,3.4,-5.2
320,2025-01-29,"Winnipeg, MB",-16.0,-3.2,-9.6
321,2025-01-30,"Winnipeg, MB",-13.5,-2.7,-8.1
322,2025-01-31,"Winnipeg, MB",-24.6,-13.5,-19.1
264,2025-02-01,"Winnipeg, MB",-18.6,-5.4,-12.0
265,2025-02-02,"Winnipeg, MB",-21.3,-4.7,-13.0
266,2025-02-03,"Winnipeg, MB",-23.5,-19.0,-21.2
267,2025-02-04,"Winnipeg, MB",-26.9,-17.9,-22.4
268,2025-02-05,"Winnipeg, MB",-19.4,-10.0,-14.7
269,2025-02-06,"Winnipeg, MB",-16.9,-11.5,-14.2
270,2025-02-07,"Winnipeg, MB",-18.4,-10.1,-14.3
271,2025-02-08,"Winnipeg, MB",-19.9,-15.6,-17.7
272,2025-02-09,"Winnipeg, MB",-23.0,-14.1,-18.5
273,2025-02-10,"Winnipeg, MB",-27.9,-17.1,-22.5
274,2025-02-11,"Winnipeg, MB",-29.4,-18.6,-24.0
275,2025-02-12,"Winnipeg, MB",-30.0,-20.6,-25.3
276,2025-02-13,"Winnipeg, MB",-30.5,-17.0,-23.8
277,2025-02-14,"Winnipeg, MB",-25.8,-18.9,-22.3
278,2025-02-15,"Winnipeg, MB",-27.5,-19.6,-23.5
279,2025-02-16,"Winnipeg, MB",-29.7,-22.2,-26.0
280,2025-02-17,"Winnipeg, MB",-31.2,-23.2,-27.2
281,2025-02-18,"Winnipeg, MB",-32.2,-20.4,-26.3
282,2025-02-19,"Winnipeg, MB",-28.6,-17.2,-22.9
283,2025-02-20,"Winnipeg, MB",-27.9,-13.4,-20.6
284,2025-02-21,"Winnipeg, MB",-17.2,-7.1,-12.1
285,2025-02-22,"Winnipeg, MB",-8.5,-5.2,-6.9
286,2025-02-23,"Winnipeg, MB",-10.2,3.8,-3.2
287,2025-02-24,"Winnipeg, MB",-1.8,3.7,0.9
288,2025-02-25,"Winnipeg, MB",-3.6,2.6,-0.5
289,2025-02-26,"Winnipeg, MB",-5.5,1.9,-1.8
290,2025-02-27,"Winnipeg, MB",-8.2,2.9,-2.6
291,2025-02-28,"Winnipeg, MB",-18.3,3.1,-7.6
233,2025-03-01,"Winnipeg, MB",-21.6,-7.7,-14.7
234,2025-03-02,"Winnipeg, MB",-9.4,2.8,-3.3
235,2025-03-03,"Winnipeg, MB",-4.7,4.6,-0.1
236,2025-03-04,"Winnipeg, MB",-10.1,-0.7,-5.4
237,2025-03-05,"Winnipeg, MB",-14.7,-0.8,-7.7
238,2025-03-06,"Winnipeg, MB",-10.6,-1.0,-5.8
239,2025-03-07,"Winnipeg, MB",-16.1,-1.8,-8.9
240,2025-03-08,"Winnipeg, MB",-7.1,4.7,-1.2
241,2025-03-09,"Winnipeg, MB",-0.8,4.7,1.9
242,2025-03-10,"Winnipeg, MB",-16.6,-0.1,-8.3
243,2025-03-11,"Winnipeg, MB",-18.6,-7.3,-12.9
244,2025-03-12,"Winnipeg, MB",-9.9,2.1,-3.9
245,2025-03-13,"Winnipeg, MB",-5.7,3.0,-1.3
246,2025-03-14,"Winnipeg, MB",-6.5,4.7,-0.9
247,2025-03-15,"Winnipeg, MB",-11.1,-6.4,-8.8
248,2025-03-16,"Winnipeg, MB",-15.3,-4.5,-9.9
249,2025-03-17,"Winnipeg, MB",-8.0,0.3,-3.9
250,2025-03-18,"Winnipeg, MB",-7.3,1.1,-3.1
251,2025-03-19,"Winnipeg, MB",-8.1,2.7,-2.7
252,2025-03-20,"Winnipeg, MB",-7.0,7.7,0.4
253,2025-03-21,"Winnipeg, MB",-14.3,-4.8,-9.6
254,2025-03-22,"Winnipeg, MB",-15.6,-2.1,-8.8
255,2025-03-23,"Winnipeg, MB",-10.5,0.3,-5.1
256,2025-03-24,"Winnipeg, MB",-12.3,5.8,-3.3
257,2025-03-25,"Winnipeg, MB",-7.0,9.0,1.0
258,2025-03-26,"Winnipeg, MB",-3.2,11.7,4.2
259,2025-03-27,"Winnipeg, MB",-7.3,0.0,-3.6
260,2025-03-28,"Winnipeg, MB",-5.1,-2.3,-3.7
261,2025-03-29,"Winnipeg, MB",-8.2,-2.0,-5.1
262,2025-03-30,"Winnipeg, MB",-11.6,-0.6,-6.1
263,2025-03-31,"Winnipeg, MB",-14.8,0.6,-7.1
203,2025-04-01,"Winnipeg, MB",-7.1,3.9,-1.6
204,2025-04-02,"Winnipeg, MB",-0.3,1.7,0.7
205,2025-04-03,"Winnipeg, MB",-1.8,3.9,1.1
206,2025-04-04,"Winnipeg, MB",-4.5,1.3,-1.6
207,2025-04-05,"Winnipeg, MB",-5.9,5.3,-0.3
208,2025-04-06,"Winnipeg, MB",-6.6,1.6,-2.5
209,2025-04-07,"Winnipeg, MB",-9.2,0.0,-4.6
210,2025-04-08,"Winnipeg, MB",-6.3,7.9,0.8
211,2025-04-09,"Winnipeg, MB",0.8,6.7,3.8
212,2025-04-10,"Winnipeg, MB",-0.9,8.7,3.9
213,2025-04-11,"Winnipeg, MB",-2.7,15.6,6.5
214,2025-04-12,"Winnipeg, MB",2.7,17.3,10.0
215,2025-04-13,"Winnipeg, MB",0.7,8.1,4.4
216,2025-04-14,"Winnipeg, MB",-2.2,6.8,2.3
217,2025-04-15,"Winnipeg, MB",-3.1,9.2,3.0
218,2025-04-16,"Winnipeg, MB",M,M,M
219,2025-04-17,"Winnipeg, MB",M,M,M
220,2025-04-18,"Winnipeg, MB",-2.7,4.4,0.9
221,2025-04-19,"Winnipeg, MB",-3.2,10.6,3.7
222,2025-04-20,"Winnipeg, MB",2.9,20.5,11.7
223,2025-04-21,"Winnipeg, MB",5.8,15.1,10.4
224,2025-04-22,"Winnipeg, MB",4.2,9.2,6.7
225,2025-04-23,"Winnipeg, MB",-0.2,12.4,6.1
226,2025-04-24,"Winnipeg, MB",-3.4,16.4,6.5
227,2025-04-25,"Winnipeg, MB",-1.0,17.8,8.4
228,2025-04-26,"Winnipeg, MB",-0.6,20.0,9.7
229,2025-04-27,"Winnipeg, MB",3.8,13.8,8.8
230,2025-04-28,"Winnipeg, MB",-2.9,6.7,1.9
231,2025-04-29,"Winnipeg, MB",-9.6,11.3,0.9
232,2025-04-30,"Winnipeg, MB",4.4,19.7,12.1
172,2025-05-01,"Winnipeg, MB",M,M,M
173,2025-05-02,"Winnipeg, MB",-0.4,14.2,6.9
174,2025-05-03,"Winnipeg, MB",7.8,22.5,15.2
175,2025-05-04,"Winnipeg, MB",5.9,29.9,17.9
176,2025-05-05,"Winnipeg, MB",10.0,29.5,19.7
177,2025-05-06,"Winnipeg, MB",-0.1,17.8,8.9
178,2025-05-07,"Winnipeg, MB",-0.9,19.9,9.5
179,2025-05-08,"Winnipeg, MB",10.2,27.0,18.6
180,2025-05-09,"Winnipeg, MB",6.3,19.7,13.0
181,2025-05-10,"Winnipeg, MB",2.9,25.8,14.4
182,2025-05-11,"Winnipeg, MB",14.6,31.5,23.1
183,2025-05-12,"Winnipeg, MB",19.2,35.6,27.4
184,2025-05-13,"Winnipeg, MB",16.6,37.0,26.8
185,2025-05-14,"Winnipeg, MB",8.7,20.7,14.7
186,2025-05-15,"Winnipeg, MB",8.7,25.6,17.2
187,2025-05-16,"Winnipeg, MB",2.3,13.8,8.0
188,2025-05-17,"Winnipeg, MB",1.4,6.4,3.9
189,2025-05-18,"Winnipeg, MB",2.0,11.9,7.0
190,2025-05-19,"Winnipeg, MB",2.0,17.2,9.6
191,2025-05-20,"Winnipeg, MB",8.2,16.4,12.3
192,2025-05-21,"Winnipeg, MB",7.0,21.6,14.3
193,2025-05-22,"Winnipeg, MB",3.3,21.6,12.4
194,2025-05-23,"Winnipeg, MB",5.3,20.8,13.0
195,2025-05-24,"Winnipeg, MB",1.3,21.9,11.6
196,2025-05-25,"Winnipeg, MB",1.8,23.3,12.6
197,2025-05-26,"Winnipeg, MB",4.4,25.6,15.0
198,2025-05-27,"Winnipeg, MB",10.2,26.5,18.3
199,2025-05-28,"Winnipeg, MB",9.1,26.2,17.6
200,2025-05-29,"Winnipeg, MB",9.7,27.1,18.4
201,2025-05-30,"Winnipeg, MB",10.8,30.1,20.4
202,2025-05-31,"Winnipeg, MB",9.5,31.1,20.3
142,2025-06-01,"Winnipeg, MB",14.5,33.7,24.1
143,2025-06-02,"Winnipeg, MB",12.6,20.6,16.6
144,2025-06-03,"Winnipeg, MB",M,M,M
145,2025-06-04,"Winnipeg, MB",M,M,M
146,2025-06-05,"Winnipeg, MB",4.4,20.6,12.5
147,2025-06-06,"Winnipeg, MB",8.3,26.8,17.6
148,2025-06-07,"Winnipeg, MB",11.0,25.6,18.3
149,2025-06-08,"Winnipeg, MB",9.3,16.2,12.8
150,2025-06-09,"Winnipeg, MB",8.3,14.2,11.3
151,2025-06-10,"Winnipeg, MB",6.1,25.1,15.6
152,2025-06-11,"Winnipeg, MB",6.9,23.3,15.1
153,2025-06-12,"Winnipeg, MB",8.1,24.2,16.1
154,2025-06-13,"Winnipeg, MB",8.9,25.8,17.3
155,2025-06-14,"Winnipeg, MB",11.0,26.1,18.5
156,2025-06-15,"Winnipeg, MB",11.0,27.3,19.1
157,2025-06-16,"Winnipeg, MB",12.5,25.4,19.0
158,2025-06-17,"Winnipeg, MB",10.8,25.1,17.9
159,2025-06-18,"Winnipeg, MB",14.0,27.3,20.7
160,2025-06-19,"Winnipeg, MB",12.2,26.4,19.3
161,2025-06-20,"Winnipeg, MB",14.2,31.0,22.6
162,2025-06-21,"Winnipeg, MB",18.2,26.3,22.2
163,2025-06-22,"Winnipeg, MB",11.9,18.2,15.1
164,2025-06-23,"Winnipeg, MB",M,M,M
165,2025-06-24,"Winnipeg, MB",4.1,26.6,15.4
166,2025-06-25,"Winnipeg, MB",10.5,23.0,16.7
167,2025-06-26,"Winnipeg, MB",15.6,26.9,21.3
168,2025-06-27,"Winnipeg, MB",11.6,26.2,18.9
169,2025-06-28,"Winnipeg, MB",17.8,32.9,25.3
170,2025-06-29,"Winnipeg, MB",15.9,27.6,21.8
171,2025-06-30,"Winnipeg, MB",16.0,28.0,22.0
111,2025-07-01,"Winnipeg, MB",14.7,28.9,21.8
112,2025-07-02,"Winnipeg, MB",M,M,M
113,2025-07-03,"Winnipeg, MB",13.5,32.2,22.9
114,2025-07-04,"Winnipeg, MB",19.8,32.7,26.3
115,2025-07-05,"Winnipeg, MB",13.8,26.3,20.1
116,2025-07-06,"Winnipeg, MB",10.5,22.4,16.4
117,2025-07-07,"Winnipeg, MB",9.9,19.9,14.9
118,2025-07-08,"Winnipeg, MB",9.4,27.0,18.2
119,2025-07-09,"Winnipeg, MB",13.4,28.9,21.2
120,2025-07-10,"Winnipeg, MB",21.3,30.4,25.8
121,2025-07-11,"Winnipeg, MB",12.8,22.8,17.8
122,2025-07-12,"Winnipeg, MB",12.3,26.9,19.6
123,2025-07-13,"Winnipeg, MB",15.5,27.9,21.7
124,2025-07-14,"Winnipeg, MB",12.0,22.6,17.3
125,2025-07-15,"Winnipeg, MB",12.2,20.7,16.5
126,2025-07-16,"Winnipeg, MB",7.5,21.7,14.6
127,2025-07-17,"Winnipeg, MB",5.2,23.4,14.3
128,2025-07-18,"Winnipeg, MB",11.0,24.7,17.9
129,2025-07-19,"Winnipeg, MB",9.7,25.2,17.4
130,2025-07-20,"Winnipeg, MB",11.1,23.4,17.2
131,2025-07-21,"Winnipeg, MB",16.8,28.2,22.5
132,2025-07-22,"Winnipeg, MB",14.8,22.8,18.8
133,2025-07-23,"Winnipeg, MB",12.9,25.2,19.1
134,2025-07-24,"Winnipeg, MB",14.8,26.2,20.5
135,2025-07-25,"Winnipeg, MB",14.7,31.5,23.1
136,2025-07-26,"Winnipeg, MB",17.4,31.4,24.4
137,2025-07-27,"Winnipeg, MB",16.2,24.5,20.4
138,2025-07-28,"Winnipeg, MB",12.2,24.0,18.1
139,2025-07-29,"Winnipeg, MB",12.9,24.3,18.6
140,2025-07-30,"Winnipeg, MB",8.4,23.9,16.2
141,2025-07-31,"Winnipeg, MB",10.7,25.3,18.0
80,2025-08-01,"Winnipeg, MB",9.8,26.7,18.3
81,2025-08-02,"Winnipeg, MB",15.1,26.7,20.9
82,2025-08-03,"Winnipeg, MB",13.3,28.0,20.7
83,2025-08-04,"Winnipeg, MB",16.2,26.7,21.5
84,2025-08-05,"Winnipeg, MB",17.7,27.5,22.6
85,2025-08-06,"Winnipeg, MB",17.1,27.1,22.1
86,2025-08-07,"Winnipeg, MB",14.4,28.3,21.4
87,2025-08-08,"Winnipeg, MB",18.3,24.9,21.6
88,2025-08-09,"Winnipeg, MB",15.2,24.7,20.0
89,2025-08-10,"Winnipeg, MB",15.0,24.2,19.6
90,2025-08-11,"Winnipeg, MB",15.9,23.3,19.6
91,2025-08-12,"Winnipeg, MB",12.6,20.2,16.4
92,2025-08-13,"Winnipeg, MB",8.1,22.4,15.3
93,2025-08-14,"Winnipeg, MB",13.6,28.6,21.1
94,2025-08-15,"Winnipeg, MB",11.6,21.3,16.4
95,2025-08-16,"Winnipeg, MB",10.9,21.2,16.1
96,2025-08-17,"Winnipeg, MB",13.7,19.2,16.5
97,2025-08-18,"Winnipeg, MB",16.2,20.9,18.6
98,2025-08-19,"Winnipeg, MB",16.5,26.0,21.3
99,2025-08-20,"Winnipeg, MB",15.7,28.1,21.9
100,2025-08-21,"Winnipeg, MB",14.8,25.7,20.2
101,2025-08-22,"Winnipeg, MB",11.7,20.5,16.1
102,2025-08-23,"Winnipeg, MB",10.1,18.7,14.4
103,2025-08-24,"Winnipeg, MB",6.0,18.8,12.4
104,2025-08-25,"Winnipeg, MB",5.5,18.9,12.2
105,2025-08-26,"Winnipeg, MB",10.6,27.9,19.3
106,2025-08-27,"Winnipeg, MB",14.1,26.3,20.2
107,2025-08-28,"Winnipeg, MB",10.8,26.9,18.9
108,2025-08-29,"Winnipeg, MB",13.2,29.4,21.3
109,2025-08-30,"Winnipeg, MB",14.7,30.5,22.6
110,2025-08-31,"Winnipeg, MB",14.4,29.4,21.9
50,2025-09-01,"Winnipeg, MB",15.6,27.5,21.5
51,2025-09-02,"Winnipeg, MB",6.8,17.1,12.0
52,2025-09-03,"Winnipeg, MB",2.1,13.9,8.0
53,2025-09-04,"Winnipeg, MB",0.4,9.0,4.7
54,2025-09-05,"Winnipeg, MB",4.6,16.1,10.4
55,2025-09-06,"Winnipeg, MB",3.1,15.0,9.0
56,2025-09-07,"Winnipeg, MB",0.7,19.3,10.0
57,2025-09-08,"Winnipeg, MB",8.3,23.5,15.9
58,2025-09-09,"Winnipeg, MB",7.2,26.2,16.7
59,2025-09-10,"Winnipeg, MB",8.4,27.1,17.8
60,2025-09-11,"Winnipeg, MB",14.7,19.8,17.3
61,2025-09-12,"Winnipeg, MB",15.4,26.7,21.1
62,2025-09-13,"Winnipeg, MB",13.6,25.6,19.6
63,2025-09-14,"Winnipeg, MB",17.9,26.0,21.9
64,2025-09-15,"Winnipeg, MB",18.6,28.3,23.5
65,2025-09-16,"Winnipeg, MB",14.3,25.1,19.7
66,2025-09-17,"Winnipeg, MB",11.4,20.3,15.9
67,2025-09-18,"Winnipeg, MB",M,M,M
68,2025-09-19,"Winnipeg, MB",14.6,17.1,15.9
69,2025-09-20,"Winnipeg, MB",15.0,17.3,16.1
70,2025-09-21,"Winnipeg, MB",12.3,19.1,15.7
71,2025-09-22,"Winnipeg, MB",11.3,26.2,18.8
72,2025-09-23,"Winnipeg, MB",10.1,21.3,15.7
73,2025-09-24,"Winnipeg, MB",8.8,26.5,17.7
74,2025-09-25,"Winnipeg, MB",5.4,19.7,12.5
75,2025-09-26,"Winnipeg, MB",5.3,24.1,14.7
76,2025-09-27,"Winnipeg, MB",7.4,23.9,15.7
77,2025-09-28,"Winnipeg, MB",7.6,27.5,17.6
78,2025-09-29,"Winnipeg, MB",11.1,24.6,17.9
79,2025-09-30,"Winnipeg, MB",14.8,30.4,22.6
19,2025-10-01,"Winnipeg, MB",16.9,26.7,21.8
20,2025-10-02,"Winnipeg, MB",11.9,27.1,19.5
21,2025-10-03,"Winnipeg, MB",13.4,27.1,20.2
22,2025-10-04,"Winnipeg, MB",11.8,19.4,15.6
23,2025-10-05,"Winnipeg, MB",4.0,13.9,9.0
24,2025-10-06,"Winnipeg, MB",1.7,11.2,6.4
25,2025-10-07,"Winnipeg, MB",-2.1,9.6,3.7
26,2025-10-08,"Winnipeg, MB",3.2,17.6,10.4
27,2025-10-09,"Winnipeg, MB",3.5,19.6,11.6
28,2025-10-10,"Winnipeg, MB",-0.2,17.4,8.6
29,2025-10-11,"Winnipeg, MB",6.5,19.8,13.1
30,2025-10-12,"Winnipeg, MB",5.7,17.6,11.6
31,2025-10-13,"Winnipeg, MB",-1.5,8.9,3.7
32,2025-10-14,"Winnipeg, MB",-2.9,6.5,1.8
33,2025-10-15,"Winnipeg, MB",5.0,12.8,8.9
34,2025-10-16,"Winnipeg, MB",9.3,11.3,10.3
35,2025-10-17,"Winnipeg, MB",7.9,12.7,10.3
36,2025-10-18,"Winnipeg, MB",3.3,11.8,7.5
37,2025-10-19,"Winnipeg, MB",1.1,10.8,6.0
38,2025-10-20,"Winnipeg, MB",4.6,7.9,6.3
39,2025-10-21,"Winnipeg, MB",2.7,7.4,5.1
40,2025-10-22,"Winnipeg, MB",-3.5,5.4,1.0
41,2025-10-23,"Winnipeg, MB",-5.0,9.3,2.1
42,2025-10-24,"Winnipeg, MB",0.3,12.0,6.2
43,2025-10-25,"Winnipeg, MB",1.5,15.4,8.5
44,2025-10-26,"Winnipeg, MB",9.5,16.6,13.1
45,2025-10-27,"Winnipeg, MB",7.9,14.0,11.0
46,2025-10-28,"Winnipeg, MB",-0.1,9.8,4.9
47,2025-10-29,"Winnipeg, MB",-2.1,8.6,3.2
48,2025-10-30,"Winnipeg, MB",3.1,6.5,4.8
49,2025-10-31,"Winnipeg, MB",0.8,5.6,3.2
1,2025-11-01,"Winnipeg, MB",-0.5,4.0,1.8
2,2025-11-02,"Winnipeg, MB",3.0,14.7,8.8
3,2025-11-03,"Winnipeg, MB",1.7,9.6,5.7
4,2025-11-04,"Winnipeg, MB",-3.3,7.9,2.3
5,2025-11-05,"Winnipeg, MB",-5.6,6.1,0.3
6,2025-11-06,"Winnipeg, MB",-4.9,5.0,0.0
7,2025-11-07,"Winnipeg, MB",-9.5,0.8,-4.4
8,2025-11-08,"Winnipeg, MB",-10.4,-3.4,-6.9
9,2025-11-09,"Winnipeg, MB",-6.6,-1.2,-3.9
10,2025-11-10,"Winnipeg, MB",-5.9,-0.8,-3.4
11,2025-11-11,"Winnipeg, MB",-1.2,8.0,3.4
12,2025-11-12,"Winnipeg, MB",-3.3,6.6,1.7
13,2025-11-13,"Winnipeg, MB",-5.9,7.8,1.0
14,2025-11-14,"Winnipeg, MB",1.2,10.4,5.8
15,2025-11-15,"Winnipeg, MB",-5.7,3.4,-1.2
16,2025-11-16,"Winnipeg, MB",-7.0,2.0,-2.5
17,2025-11-17,"Winnipeg, MB",-5.1,4.8,-0.1
18,2025-11-18,"Winnipeg, MB",-5.9,2.9,-1.5
